Data ke,Suhu Min,Suhu Max,Curah Hujan (mm),Kategori Curah Hujan,Kategori Hujan (num),Arah Angin,Actual Class,Predicted Class,Execution Time
1,24.6,34.4,0.0,4.0,0.0,1.0,0,0,1.3124942779541016
2,24.8,33.0,0.0,4.0,0.0,1.0,2,0,0.6361007690429688
3,24.8,34.3,0.0,4.0,0.0,1.0,0,0,0.5526542663574219
4,24.0,34.4,0.0,4.0,0.0,1.0,2,0,0.6175041198730469
5,24.4,32.8,2.0,1.0,1.0,1.0,2,0,0.5707740783691406
6,24.2,34.0,0.0,4.0,0.0,1.0,0,0,0.5548000335693359
7,24.2,34.4,0.0,4.0,0.0,1.0,2,0,0.5311965942382812
8,25.0,34.2,0.0,4.0,0.0,1.0,0,0,0.5993843078613281
9,24.4,35.2,0.0,4.0,0.0,1.0,0,0,0.5664825439453125
10,23.6,35.0,0.0,4.0,0.0,1.0,0,0,0.5719661712646484
11,23.3,34.4,5.0,1.0,1.0,1.0,2,0,0.60272216796875
12,23.2,33.4,0.0,4.0,0.0,1.0,2,0,0.5528926849365234
13,24.5,33.2,0.0,4.0,0.0,1.0,2,0,0.5309581756591797
14,23.6,33.0,4.8,1.0,1.0,1.0,2,0,0.6015300750732422
15,24.0,33.8,2.2,1.0,1.0,1.0,0,0,0.5679130554199219
16,25.2,34.1,4.0,1.0,1.0,1.0,0,0,0.5316734313964844
17,24.8,33.5,0.0,4.0,0.0,1.0,0,0,0.5457401275634766
18,24.2,33.4,0.0,4.0,0.0,1.0,2,0,0.5507469177246094
19,24.0,33.0,9.0,1.0,1.0,1.0,2,0,0.5285739898681641
20,24.2,34.2,13.5,1.0,1.0,1.0,2,0,0.6155967712402344
21,24.6,33.0,36.2,3.0,2.0,1.0,2,0,0.6368160247802734
22,23.8,33.7,8.3,1.0,1.0,1.0,2,0,0.5373954772949219
23,22.2,32.6,0.0,4.0,0.0,1.0,2,0,0.5388259887695312
24,23.6,33.8,0.0,4.0,0.0,1.0,2,0,0.5931854248046875
25,23.6,34.6,22.6,3.0,2.0,1.0,2,0,0.5290508270263672
26,24.2,30.0,15.0,1.0,1.0,1.0,2,0,0.6124973297119141
27,23.6,33.4,12.0,1.0,1.0,1.0,2,0,0.6046295166015625
28,24.2,31.0,7.9,1.0,1.0,1.0,2,0,0.5481243133544922
29,24.8,33.4,0.0,4.0,0.0,1.0,0,0,0.5202293395996094
30,25.2,34.8,0.0,4.0,0.0,1.0,0,0,0.5462169647216797
31,24.2,34.8,0.0,4.0,0.0,1.0,0,0,0.5269050598144531
32,24.2,35.0,7.2,1.0,1.0,1.0,0,0,0.6084442138671875
33,24.2,34.8,0.0,4.0,0.0,1.0,0,0,0.5495548248291016
34,24.8,34.2,0.0,4.0,0.0,1.0,0,0,0.5924701690673828
35,24.8,33.0,0.0,4.0,0.0,2.0,2,0,0.5242824554443359
36,23.7,32.4,45.1,3.0,2.0,1.0,2,0,0.5478858947753906
37,24.3,32.9,0.0,4.0,0.0,1.0,0,0,0.5311965942382812
38,24.2,33.3,0.0,4.0,0.0,1.0,2,0,0.6742477416992188
39,24.0,33.4,56.3,0.0,3.0,1.0,2,0,0.5512237548828125
40,23.8,32.8,13.3,1.0,1.0,1.0,2,0,0.5307197570800781
41,23.6,33.2,0.0,4.0,0.0,1.0,2,0,0.5335807800292969
42,25.0,32.2,0.0,4.0,0.0,1.0,2,0,0.5471706390380859
43,24.6,32.2,0.0,4.0,0.0,1.0,2,0,0.5314350128173828
44,25.0,32.6,8.4,1.0,1.0,1.0,2,0,0.6144046783447266
45,24.4,35.2,10.1,1.0,1.0,1.0,0,0,0.4782676696777344
46,25.2,34.4,0.0,4.0,0.0,1.0,0,0,0.39839744567871094
47,25.4,34.8,0.0,4.0,0.0,1.0,0,0,0.5211830139160156
48,24.2,33.0,66.1,0.0,3.0,1.0,2,2,0.33092498779296875
49,24.0,33.2,67.5,0.0,3.0,1.0,2,2,0.5307197570800781
50,24.2,33.2,37.6,3.0,2.0,1.0,2,0,0.5040168762207031
51,24.6,32.0,0.0,4.0,0.0,1.0,2,0,0.4246234893798828
52,24.2,32.2,0.0,4.0,0.0,1.0,2,0,0.4811286926269531
53,24.8,34.2,0.0,4.0,0.0,1.0,0,0,0.35691261291503906
54,25.0,33.8,0.0,4.0,0.0,1.0,0,0,0.5185604095458984
55,25.0,33.4,0.0,4.0,0.0,1.0,0,0,0.40435791015625
56,24.6,34.9,18.5,1.0,1.0,1.0,0,0,0.5261898040771484
57,25.8,33.7,0.0,4.0,0.0,1.0,0,0,0.46753883361816406
58,24.7,34.2,1.9,1.0,1.0,1.0,2,0,0.4105567932128906
59,25.0,32.7,1.6,1.0,1.0,1.0,2,0,0.39386749267578125
60,24.0,32.8,33.2,3.0,2.0,1.0,2,0,0.3616809844970703
61,24.2,33.4,0.9,1.0,1.0,1.0,2,0,0.32401084899902344
62,23.8,34.0,37.3,3.0,2.0,1.0,2,0,0.32830238342285156
63,24.0,33.1,15.0,1.0,1.0,1.0,2,0,0.37980079650878906
64,25.4,30.8,11.7,1.0,1.0,1.0,2,0,0.3287792205810547
65,24.6,35.2,5.2,1.0,1.0,1.0,0,0,0.3657341003417969
66,24.0,31.6,45.5,3.0,2.0,1.0,2,0,0.37288665771484375
67,24.2,33.3,0.5,1.0,1.0,1.0,2,0,0.47516822814941406
68,24.4,32.5,9.0,1.0,1.0,1.0,2,0,0.4515647888183594
69,24.4,33.0,17.7,1.0,1.0,1.0,2,0,0.43964385986328125
70,24.2,32.2,3.9,1.0,1.0,1.0,2,0,0.4220008850097656
71,23.6,32.2,80.3,0.0,3.0,1.0,2,2,0.3895759582519531
72,23.8,30.2,79.3,0.0,3.0,1.0,2,2,0.5660057067871094
73,23.4,31.4,0.7,1.0,1.0,1.0,2,0,0.5023479461669922
74,23.7,33.0,0.8,1.0,1.0,1.0,2,0,0.5462169647216797
75,24.6,31.9,0.0,4.0,0.0,1.0,2,0,0.4897117614746094
76,23.4,33.2,6.0,1.0,1.0,1.0,2,0,0.43654441833496094
77,24.0,33.4,0.0,4.0,0.0,1.0,2,0,0.42057037353515625
78,24.2,34.8,0.0,4.0,0.0,1.0,0,0,0.438690185546875
79,23.0,35.0,0.0,4.0,0.0,1.0,2,0,0.5900859832763672
80,24.0,34.2,0.0,4.0,0.0,1.0,2,0,0.6012916564941406
81,24.2,33.6,0.0,4.0,0.0,1.0,0,0,0.5898475646972656
82,24.6,33.6,14.5,1.0,1.0,1.0,0,0,0.5922317504882812
83,24.6,33.2,2.4,1.0,1.0,1.0,2,0,0.6017684936523438
84,25.2,32.4,0.0,4.0,0.0,1.0,2,0,0.5817413330078125
85,24.9,32.6,4.5,1.0,1.0,1.0,2,0,0.6589889526367188
86,24.8,33.0,1.2,1.0,1.0,1.0,2,0,0.6518363952636719
87,24.6,34.4,18.6,1.0,1.0,1.0,2,0,0.5762577056884766
88,24.6,34.0,43.9,3.0,2.0,1.0,2,0,0.5600452423095703
89,24.4,33.0,24.4,3.0,2.0,1.0,2,0,0.5600452423095703
90,23.8,31.8,28.4,3.0,2.0,1.0,2,0,0.5571842193603516
91,24.4,32.2,0.4,1.0,1.0,1.0,2,0,0.5764961242675781
92,23.2,32.4,19.5,1.0,1.0,1.0,2,0,0.6458759307861328
93,23.6,33.5,0.0,4.0,0.0,1.0,2,0,0.6003379821777344
94,25.0,33.4,0.0,4.0,0.0,1.0,0,0,0.6022453308105469
95,25.0,33.0,0.0,4.0,0.0,1.0,2,0,0.6067752838134766
96,24.0,32.4,1.0,1.0,1.0,1.0,2,0,0.5924701690673828
97,24.2,32.8,19.7,1.0,1.0,7.0,2,0,0.6394386291503906
98,24.0,34.4,1.0,1.0,1.0,1.0,2,0,0.6783008575439453
99,23.8,30.4,15.5,1.0,1.0,1.0,2,0,0.5652904510498047
100,24.1,30.6,2.7,1.0,1.0,1.0,2,0,0.5431175231933594
101,23.7,32.8,27.8,3.0,2.0,1.0,2,0,0.5850791931152344
102,24.0,33.6,0.0,4.0,0.0,1.0,2,0,0.5643367767333984
103,23.5,33.1,51.8,0.0,3.0,1.0,2,0,0.6563663482666016
104,23.2,32.6,83.8,0.0,3.0,1.0,2,2,0.5934238433837891
105,23.4,31.6,89.4,0.0,3.0,1.0,2,2,0.6089210510253906
106,23.4,32.0,78.6,0.0,3.0,1.0,2,2,0.5824565887451172
107,23.8,32.9,38.7,3.0,2.0,1.0,2,0,0.5614757537841797
108,22.8,31.6,95.8,0.0,3.0,1.0,2,2,0.659942626953125
109,23.2,29.8,10.7,1.0,1.0,1.0,2,0,0.637054443359375
110,23.2,30.7,0.0,4.0,0.0,1.0,2,0,0.6372928619384766
111,24.2,31.4,0.0,4.0,0.0,1.0,2,0,0.5586147308349609
112,24.6,29.2,0.8,1.0,1.0,1.0,2,0,0.576019287109375
113,23.4,30.6,0.4,1.0,1.0,1.0,2,0,0.6303787231445312
114,24.0,31.8,0.0,4.0,0.0,1.0,2,0,0.5600452423095703
115,23.6,32.0,4.9,1.0,1.0,1.0,2,0,0.5953311920166016
116,23.4,30.6,6.2,1.0,1.0,1.0,2,0,0.6031990051269531
117,23.0,31.0,0.0,4.0,0.0,1.0,2,0,0.6003379821777344
118,23.2,33.0,0.0,4.0,0.0,1.0,2,0,0.5817413330078125
119,24.0,34.7,0.0,4.0,0.0,1.0,2,0,0.6957054138183594
120,23.2,31.1,0.0,4.0,0.0,1.0,2,0,0.6287097930908203
121,23.2,30.4,0.2,1.0,1.0,7.0,2,0,0.5834102630615234
122,24.2,29.4,0.5,1.0,1.0,1.0,2,0,0.5948543548583984
123,23.9,29.8,0.0,4.0,0.0,1.0,2,0,0.7071495056152344
124,23.8,27.4,2.0,1.0,1.0,1.0,2,0,0.6182193756103516
125,23.6,28.5,16.7,1.0,1.0,1.0,2,0,0.5958080291748047
126,23.6,33.0,5.8,1.0,1.0,1.0,2,0,0.5934238433837891
127,23.8,31.3,10.8,1.0,1.0,1.0,2,0,0.6082057952880859
128,24.0,31.7,26.3,3.0,2.0,1.0,2,0,0.6029605865478516
129,23.5,31.0,11.9,1.0,1.0,1.0,2,0,0.5915164947509766
130,23.8,32.6,0.5,1.0,1.0,1.0,2,0,0.6604194641113281
131,24.0,29.8,0.1,1.0,1.0,1.0,2,0,0.5691051483154297
132,24.2,31.8,0.0,4.0,0.0,1.0,2,0,0.5688667297363281
133,23.4,33.6,17.5,1.0,1.0,1.0,2,0,0.5457401275634766
134,23.6,34.4,19.0,1.0,1.0,1.0,2,0,0.5784034729003906
135,24.0,33.0,0.9,1.0,1.0,1.0,2,0,0.6392002105712891
136,24.2,32.5,38.8,3.0,2.0,1.0,2,0,0.6756782531738281
137,23.3,32.5,52.4,0.0,3.0,1.0,2,0,0.6146430969238281
138,23.4,32.8,2.5,1.0,1.0,1.0,2,0,0.5931854248046875
139,23.6,32.8,13.2,1.0,1.0,1.0,2,0,0.5803108215332031
140,23.6,31.4,0.0,4.0,0.0,1.0,2,0,0.5738735198974609
141,23.8,33.7,50.3,0.0,3.0,1.0,2,0,0.6473064422607422
142,24.0,30.8,4.1,1.0,1.0,1.0,2,0,0.6189346313476562
143,24.4,33.2,0.0,4.0,0.0,1.0,2,0,0.5733966827392578
144,24.3,30.8,7.5,1.0,1.0,1.0,2,0,0.5474090576171875
145,23.2,32.4,15.9,1.0,1.0,1.0,2,0,0.5612373352050781
146,23.4,24.0,15.5,1.0,1.0,1.0,2,0,0.6210803985595703
147,24.0,33.3,0.0,4.0,0.0,1.0,2,0,0.5817413330078125
148,24.2,33.4,3.6,1.0,1.0,1.0,2,0,0.5671977996826172
149,24.8,33.0,0.0,4.0,0.0,1.0,2,0,0.6670951843261719
150,24.2,33.7,30.9,3.0,2.0,1.0,2,0,0.6022453308105469
151,23.8,33.0,6.0,1.0,1.0,1.0,2,0,0.6506443023681641
152,24.0,33.4,4.3,1.0,1.0,1.0,2,0,0.6148815155029297
153,23.8,35.0,0.0,4.0,0.0,1.0,2,0,0.5857944488525391
154,24.8,30.0,3.5,1.0,1.0,1.0,2,0,0.5674362182617188
155,23.9,34.2,7.0,1.0,1.0,1.0,2,0,0.5466938018798828
156,24.0,31.8,57.3,0.0,3.0,1.0,2,0,0.6036758422851562
157,24.3,32.0,0.0,4.0,0.0,1.0,2,0,0.6387233734130859
158,23.0,31.4,18.5,1.0,1.0,1.0,2,0,0.6029605865478516
159,22.6,33.6,4.0,1.0,1.0,1.0,2,0,0.5695819854736328
160,23.8,33.0,27.5,3.0,2.0,1.0,2,0,0.6234645843505859
161,25.4,31.2,16.2,1.0,1.0,1.0,2,0,0.6494522094726562
162,23.8,33.0,0.5,1.0,1.0,1.0,2,0,0.5581378936767578
163,23.8,33.8,69.2,0.0,3.0,1.0,2,2,0.6372928619384766
164,24.0,33.4,1.6,1.0,1.0,1.0,2,0,0.6394386291503906
165,23.9,33.2,2.8,1.0,1.0,1.0,2,0,0.6287097930908203
166,24.2,32.6,0.0,4.0,0.0,1.0,2,0,0.5650520324707031
167,24.8,33.4,2.0,1.0,1.0,1.0,2,0,0.5595684051513672
168,24.2,32.8,0.0,4.0,0.0,1.0,2,0,0.6158351898193359
169,23.8,33.2,6.5,1.0,1.0,1.0,2,0,0.5903244018554688
170,23.8,33.4,1.3,1.0,1.0,1.0,2,0,0.5769729614257812
171,24.4,31.6,0.0,4.0,0.0,1.0,2,0,0.598907470703125
172,24.9,31.4,2.9,1.0,1.0,1.0,2,0,0.5977153778076172
173,23.8,33.4,0.0,4.0,0.0,1.0,2,0,0.5793571472167969
174,24.0,32.4,8.5,1.0,1.0,1.0,2,0,0.7145404815673828
175,24.0,32.4,11.5,1.0,1.0,1.0,2,0,0.6191730499267578
176,24.2,33.4,3.8,1.0,1.0,1.0,2,0,0.5843639373779297
177,24.7,32.6,0.0,4.0,0.0,1.0,0,0,0.6017684936523438
178,24.6,33.8,2.5,1.0,1.0,1.0,0,0,0.5753040313720703
179,24.0,34.2,0.0,4.0,0.0,1.0,0,0,0.6444454193115234
180,25.0,33.6,1.2,1.0,1.0,1.0,0,0,0.5948543548583984
181,25.2,33.7,2.6,1.0,1.0,1.0,2,0,0.5962848663330078
182,23.8,33.8,37.2,3.0,2.0,1.0,2,0,0.5970001220703125
183,23.4,34.0,62.5,0.0,3.0,1.0,2,0,0.6048679351806641
184,23.8,33.4,0.0,4.0,0.0,1.0,2,0,0.5850791931152344
185,23.7,34.0,0.7,1.0,1.0,1.0,2,0,0.6592273712158203
186,24.8,33.5,0.0,4.0,0.0,1.0,2,0,0.5805492401123047
187,24.4,33.2,52.6,0.0,3.0,1.0,2,0,0.6577968597412109
188,24.0,34.6,53.9,0.0,3.0,1.0,2,0,0.6051063537597656
189,23.7,34.5,0.0,4.0,0.0,1.0,2,0,0.5648136138916016
190,24.0,33.8,0.0,4.0,0.0,1.0,0,0,0.6000995635986328
191,24.8,34.0,0.0,4.0,0.0,1.0,0,0,0.5905628204345703
192,24.6,34.0,0.5,1.0,1.0,1.0,0,0,0.5769729614257812
193,24.8,33.6,4.5,1.0,1.0,1.0,2,0,0.5984306335449219
194,24.6,32.4,0.0,4.0,0.0,1.0,2,0,0.6361007690429688
195,24.0,32.2,9.2,1.0,1.0,1.0,2,0,0.5776882171630859
196,23.6,32.0,2.0,1.0,1.0,1.0,2,0,0.6330013275146484
197,23.8,33.0,0.0,4.0,0.0,1.0,2,0,0.5984306335449219
198,22.6,33.2,0.6,1.0,1.0,1.0,2,0,0.6139278411865234
199,23.4,34.0,0.0,4.0,0.0,1.0,2,0,0.6740093231201172
200,24.0,34.2,0.0,4.0,0.0,1.0,0,0,0.5598068237304688
201,23.6,34.4,0.0,4.0,0.0,1.0,2,0,0.6079673767089844
202,23.4,34.6,0.0,4.0,0.0,1.0,0,0,0.6160736083984375
203,23.6,33.9,0.0,4.0,0.0,1.0,0,0,0.5805492401123047
204,23.4,34.2,0.0,4.0,0.0,1.0,2,0,0.5943775177001953
205,23.4,34.2,0.0,4.0,0.0,1.0,0,0,0.5927085876464844
206,23.2,34.4,0.0,4.0,0.0,4.0,0,0,0.5500316619873047
207,24.6,33.4,0.0,4.0,0.0,1.0,0,0,0.6558895111083984
208,23.1,34.0,0.0,4.0,0.0,1.0,2,0,0.6382465362548828
209,23.7,33.6,0.0,4.0,0.0,4.0,0,0,0.5984306335449219
210,23.6,34.6,0.0,4.0,0.0,4.0,0,0,0.5972385406494141
211,24.0,35.2,0.0,4.0,0.0,1.0,0,0,0.5955696105957031
212,24.0,33.0,0.0,4.0,0.0,1.0,2,0,0.6914138793945312
213,24.8,31.2,0.0,4.0,0.0,1.0,2,0,0.6079673767089844
214,24.4,32.4,11.0,1.0,1.0,1.0,2,0,0.5884170532226562
215,24.6,32.5,0.0,4.0,0.0,1.0,2,0,0.6208419799804688
216,24.0,31.6,14.3,1.0,1.0,1.0,2,0,0.6277561187744141
217,24.4,34.4,0.0,4.0,0.0,1.0,2,0,0.6246566772460938
218,25.0,33.4,0.0,4.0,0.0,1.0,0,0,0.5650520324707031
219,23.2,34.2,0.0,4.0,0.0,1.0,2,0,0.5552768707275391
220,23.4,32.5,24.6,3.0,2.0,1.0,2,0,0.5657672882080078
221,22.8,33.3,0.0,4.0,0.0,1.0,2,0,0.5595684051513672
222,23.2,33.4,0.0,4.0,0.0,1.0,2,0,0.6134510040283203
223,23.8,33.4,0.0,4.0,0.0,1.0,0,0,0.6494522094726562
224,23.1,33.1,0.0,4.0,0.0,1.0,2,0,0.5972385406494141
225,23.4,33.4,0.0,4.0,0.0,1.0,2,0,0.6642341613769531
226,23.8,32.6,0.0,4.0,0.0,1.0,2,0,0.591278076171875
227,23.8,33.3,0.0,4.0,0.0,1.0,2,0,0.5900859832763672
228,24.0,31.4,0.0,4.0,0.0,1.0,2,0,0.5781650543212891
229,23.4,32.9,1.0,1.0,1.0,1.0,2,0,0.5800724029541016
230,23.2,33.4,0.0,4.0,0.0,1.0,2,0,0.5550384521484375
231,23.2,32.9,0.0,4.0,0.0,4.0,2,0,0.5857944488525391
232,23.6,33.0,0.0,4.0,0.0,1.0,2,0,0.5476474761962891
233,23.6,30.0,0.0,4.0,0.0,1.0,2,0,0.5755424499511719
234,23.4,32.1,10.5,1.0,1.0,1.0,2,0,0.6580352783203125
235,24.0,32.4,0.0,4.0,0.0,1.0,2,0,0.6093978881835938
236,23.2,32.7,0.4,1.0,1.0,1.0,2,0,0.6139278411865234
237,23.4,32.7,0.5,1.0,1.0,1.0,2,0,0.5900859832763672
238,24.2,32.0,0.0,4.0,0.0,1.0,2,0,0.6721019744873047
239,22.2,32.2,22.1,3.0,2.0,1.0,2,0,0.6220340728759766
240,22.4,32.9,0.0,4.0,0.0,1.0,2,0,0.5679130554199219
241,24.4,32.4,0.2,1.0,1.0,1.0,2,0,0.5486011505126953
242,24.0,33.1,0.0,4.0,0.0,4.0,2,0,0.5714893341064453
243,23.8,34.0,0.0,4.0,0.0,4.0,2,0,0.5767345428466797
244,24.0,33.6,0.0,4.0,0.0,4.0,0,0,0.5724430084228516
245,24.6,32.5,0.0,4.0,0.0,4.0,0,0,0.6628036499023438
246,24.0,33.0,0.0,4.0,0.0,1.0,2,0,0.614166259765625
247,23.0,33.0,0.0,4.0,0.0,1.0,2,0,0.5757808685302734
248,22.8,33.2,0.0,4.0,0.0,1.0,2,0,0.5764961242675781
249,23.2,33.4,0.0,4.0,0.0,4.0,2,0,0.6103515625
250,22.8,34.4,0.0,4.0,0.0,4.0,0,0,0.7688999176025391
251,24.2,33.8,0.0,4.0,0.0,5.0,2,0,0.6227493286132812
252,23.6,33.0,0.0,4.0,0.0,1.0,2,0,0.598907470703125
253,23.8,33.6,0.0,4.0,0.0,4.0,0,0,0.5781650543212891
254,24.8,32.6,0.0,4.0,0.0,4.0,2,0,0.6120204925537109
255,23.7,33.0,0.0,4.0,0.0,4.0,2,0,0.5877017974853516
256,24.0,31.0,0.0,4.0,0.0,1.0,2,0,0.6098747253417969
257,23.4,33.2,0.9,1.0,1.0,1.0,2,0,0.6129741668701172
258,23.6,34.4,1.2,1.0,1.0,1.0,2,0,0.5934238433837891
259,24.2,32.8,0.5,1.0,1.0,1.0,2,0,0.591278076171875
260,23.0,33.4,0.0,4.0,0.0,1.0,2,0,0.5881786346435547
261,23.4,33.1,0.0,4.0,0.0,0.0,2,0,0.6573200225830078
262,24.0,34.0,0.0,4.0,0.0,4.0,2,0,0.6239414215087891
263,23.6,33.2,0.0,4.0,0.0,4.0,2,0,0.6926059722900391
264,23.0,34.4,0.0,4.0,0.0,4.0,2,0,0.6053447723388672
265,23.0,31.8,0.0,4.0,0.0,1.0,2,0,0.5681514739990234
266,24.2,34.4,0.6,1.0,1.0,1.0,0,0,0.5505084991455078
267,24.6,32.8,0.0,4.0,0.0,4.0,2,0,0.652313232421875
268,23.4,33.8,0.0,4.0,0.0,4.0,2,0,0.5817413330078125
269,23.8,34.0,0.0,4.0,0.0,4.0,0,0,0.5810260772705078
270,21.6,33.4,0.0,4.0,0.0,4.0,2,0,0.5526542663574219
271,22.0,32.8,0.0,4.0,0.0,4.0,2,0,0.5979537963867188
272,23.6,32.6,0.0,4.0,0.0,4.0,2,0,0.7126331329345703
273,20.8,33.6,0.0,4.0,0.0,4.0,2,0,0.6089210510253906
274,21.0,33.8,0.0,4.0,0.0,1.0,2,0,0.5791187286376953
275,23.0,33.6,0.0,4.0,0.0,1.0,2,0,0.6589889526367188
276,22.4,33.4,0.0,4.0,0.0,1.0,2,0,0.6291866302490234
277,22.8,34.1,0.0,4.0,0.0,4.0,2,0,0.6136894226074219
278,23.4,34.2,0.0,4.0,0.0,4.0,0,0,0.5645751953125
279,23.0,33.4,0.0,4.0,0.0,1.0,2,0,0.6058216094970703
280,22.6,34.8,0.0,4.0,0.0,1.0,2,0,0.5905628204345703
281,23.0,33.4,0.0,4.0,0.0,2.0,2,0,0.5435943603515625
282,24.0,34.5,0.0,4.0,0.0,1.0,0,0,0.5424022674560547
283,23.6,34.4,0.0,4.0,0.0,4.0,0,0,0.6473064422607422
284,23.8,33.4,0.0,4.0,0.0,4.0,2,0,0.6167888641357422
285,21.0,33.8,0.0,4.0,0.0,4.0,2,0,0.5955696105957031
286,20.2,32.9,0.0,4.0,0.0,1.0,2,0,0.5970001220703125
287,23.0,33.8,0.0,4.0,0.0,4.0,2,0,0.5748271942138672
288,23.2,33.6,0.0,4.0,0.0,5.0,0,0,0.6818771362304688
289,23.4,34.4,0.0,4.0,0.0,5.0,0,0,0.6096363067626953
290,23.8,35.4,0.0,4.0,0.0,1.0,0,0,0.6084442138671875
291,22.2,34.0,0.0,4.0,0.0,4.0,2,0,0.6132125854492188
292,22.8,34.8,0.0,4.0,0.0,4.0,2,0,0.58746337890625
293,23.8,34.6,0.0,4.0,0.0,4.0,0,0,0.5865097045898438
294,23.8,33.8,0.0,4.0,0.0,1.0,2,0,0.6556510925292969
295,22.2,34.1,0.0,4.0,0.0,4.0,2,0,0.6058216094970703
296,24.0,34.8,0.0,4.0,0.0,0.0,2,0,0.5922317504882812
297,24.1,34.2,0.0,4.0,0.0,0.0,0,0,0.5915164947509766
298,24.4,34.7,0.0,4.0,0.0,0.0,0,0,0.6811618804931641
299,23.0,34.0,20.0,3.0,2.0,1.0,2,0,0.6055831909179688
300,23.2,33.6,0.0,4.0,0.0,4.0,2,0,0.5862712860107422
301,22.7,33.9,0.0,4.0,0.0,1.0,2,0,0.6520748138427734
302,21.4,34.4,0.0,4.0,0.0,0.0,2,0,0.6277561187744141
303,22.3,34.0,0.0,4.0,0.0,4.0,0,0,0.5929470062255859
304,23.4,35.2,0.0,4.0,0.0,4.0,0,0,0.5872249603271484
305,24.0,35.0,0.0,4.0,0.0,1.0,0,0,0.6501674652099609
306,25.0,34.6,0.0,4.0,0.0,0.0,0,0,0.5698204040527344
307,23.6,34.4,0.0,4.0,0.0,1.0,2,0,0.6062984466552734
308,24.4,35.0,0.0,4.0,0.0,4.0,0,0,0.5869865417480469
309,23.8,36.4,0.0,4.0,0.0,1.0,0,0,0.5743503570556641
310,24.8,35.4,0.0,4.0,0.0,4.0,0,0,0.6568431854248047
311,24.1,35.4,0.0,4.0,0.0,4.0,0,0,0.6248950958251953
312,24.4,34.6,0.0,4.0,0.0,4.0,0,0,0.55694580078125
313,23.2,36.0,0.0,4.0,0.0,1.0,0,0,0.6344318389892578
314,25.0,35.4,0.0,4.0,0.0,4.0,0,0,0.6215572357177734
315,24.8,36.2,0.0,4.0,0.0,4.0,0,0,0.6039142608642578
316,25.4,36.0,0.0,4.0,0.0,4.0,0,0,0.6129741668701172
317,26.4,37.5,0.0,4.0,0.0,1.0,0,0,0.6630420684814453
318,24.8,36.4,0.0,4.0,0.0,0.0,0,0,0.5819797515869141
319,23.2,35.3,0.0,4.0,0.0,4.0,0,0,0.6046295166015625
320,23.4,35.6,0.0,4.0,0.0,4.0,0,0,0.5941390991210938
321,24.2,34.4,0.0,4.0,0.0,1.0,0,0,0.6413459777832031
322,22.0,36.6,0.0,4.0,0.0,4.0,0,0,0.6155967712402344
323,23.6,36.4,0.0,4.0,0.0,4.0,0,0,0.6017684936523438
324,25.0,30.4,0.0,4.0,0.0,1.0,2,0,0.5538463592529297
325,23.3,34.2,8.3,1.0,1.0,1.0,0,0,0.5702972412109375
326,25.2,35.4,0.0,4.0,0.0,2.0,0,0,0.6434917449951172
327,25.2,29.4,0.5,1.0,1.0,1.0,2,0,0.6296634674072266
328,22.8,34.0,24.9,3.0,2.0,1.0,0,0,0.5905628204345703
329,24.6,34.0,0.0,4.0,0.0,1.0,0,0,0.6124973297119141
330,24.8,34.7,0.0,4.0,0.0,1.0,0,0,0.5931854248046875
331,25.4,33.2,0.0,4.0,0.0,1.0,0,0,0.5552768707275391
332,23.9,34.2,0.0,4.0,0.0,1.0,0,0,0.6730556488037109
333,24.4,34.7,0.0,4.0,0.0,1.0,0,0,0.6072521209716797
334,23.8,35.0,12.0,1.0,1.0,1.0,0,0,0.6184577941894531
335,25.0,35.2,0.0,4.0,0.0,1.0,0,0,0.6010532379150391
336,25.0,36.0,0.0,4.0,0.0,1.0,0,0,0.6625652313232422
337,24.0,35.2,36.5,3.0,2.0,1.0,0,0,0.6351470947265625
338,24.5,35.4,0.0,4.0,0.0,1.0,0,0,0.6101131439208984
339,24.8,35.2,5.7,1.0,1.0,1.0,0,0,0.6947517395019531
340,25.0,35.4,0.0,4.0,0.0,1.0,0,0,0.6184577941894531
341,24.8,35.2,1.0,1.0,1.0,1.0,2,0,0.6005764007568359
342,24.0,35.2,29.0,3.0,2.0,4.0,0,0,0.6279945373535156
343,26.0,35.1,0.0,4.0,0.0,1.0,0,0,0.5972385406494141
344,25.8,34.2,0.2,1.0,1.0,1.0,2,0,0.5822181701660156
345,24.4,32.6,1.3,1.0,1.0,1.0,2,0,0.5865097045898438
346,25.1,35.2,0.0,4.0,0.0,4.0,0,0,0.6127357482910156
347,24.6,36.0,0.3,1.0,1.0,1.0,0,0,0.6413459777832031
348,23.5,36.0,20.2,3.0,2.0,1.0,0,0,0.6706714630126953
349,24.0,35.6,2.0,1.0,1.0,7.0,0,0,2.2134780883789062
350,23.2,35.2,58.0,0.0,3.0,1.0,2,0,0.5657672882080078
351,23.7,34.2,23.2,3.0,2.0,1.0,0,0,0.7159709930419922
352,24.8,33.6,9.3,1.0,1.0,1.0,2,0,0.6530284881591797
353,23.4,33.4,21.0,3.0,2.0,1.0,2,0,0.6103515625
354,25.2,33.6,0.0,4.0,0.0,1.0,0,0,0.5655288696289062
355,25.0,35.2,0.0,4.0,0.0,1.0,0,0,0.6108283996582031
356,25.0,34.8,2.0,1.0,1.0,1.0,0,0,0.6496906280517578
357,25.0,35.0,0.0,4.0,0.0,0.0,0,0,0.5958080291748047
358,25.2,33.1,3.7,1.0,1.0,1.0,2,0,0.5719661712646484
359,23.6,34.2,7.0,1.0,1.0,1.0,2,0,0.6155967712402344
360,23.8,33.4,75.0,0.0,3.0,1.0,2,2,0.5991458892822266
361,24.4,34.4,0.0,4.0,0.0,1.0,2,0,0.5795955657958984
362,23.9,34.7,26.1,3.0,2.0,1.0,2,0,0.6706714630126953
363,23.2,32.8,40.3,3.0,2.0,1.0,2,0,0.5862712860107422
364,24.6,34.0,2.0,1.0,1.0,1.0,2,0,0.6623268127441406
365,24.2,33.2,14.8,1.0,1.0,1.0,2,0,0.6048679351806641
366,25.0,32.8,3.5,1.0,1.0,1.0,2,0,0.5748271942138672
367,24.0,33.1,10.5,1.0,1.0,1.0,0,0,0.6644725799560547
368,24.4,34.2,40.8,3.0,2.0,1.0,2,0,0.6592273712158203
369,24.4,33.6,64.1,0.0,3.0,1.0,2,0,0.5781650543212891
370,24.6,32.8,3.8,1.0,1.0,1.0,2,0,0.5719661712646484
371,24.2,31.2,7.5,1.0,1.0,1.0,2,0,0.6237030029296875
372,24.4,32.6,5.4,1.0,1.0,1.0,0,0,0.6091594696044922
373,25.0,34.2,1.0,1.0,1.0,1.0,0,0,0.6000995635986328
374,25.4,28.1,4.1,1.0,1.0,1.0,2,0,0.6082057952880859
375,24.5,32.4,0.0,4.0,0.0,1.0,2,0,0.6048679351806641
376,23.2,34.2,0.0,4.0,0.0,1.0,2,0,0.5981922149658203
377,24.6,35.0,0.0,4.0,0.0,1.0,2,0,0.6542205810546875
378,24.9,35.3,0.0,4.0,0.0,1.0,2,0,0.6897449493408203
379,25.2,34.2,0.0,4.0,0.0,1.0,2,0,0.6105899810791016
380,25.0,30.0,0.0,4.0,0.0,1.0,2,0,0.6082057952880859
381,25.0,30.2,0.0,4.0,0.0,1.0,2,0,0.5846023559570312
382,24.2,30.2,2.8,1.0,1.0,1.0,2,0,0.6024837493896484
383,22.8,32.2,24.9,3.0,2.0,1.0,2,0,0.6411075592041016
384,23.0,30.5,4.9,1.0,1.0,1.0,2,0,0.6017684936523438
385,23.4,32.1,2.5,1.0,1.0,7.0,2,0,0.5829334259033203
386,24.2,29.6,6.8,1.0,1.0,1.0,2,0,0.5960464477539062
387,23.0,31.8,12.3,1.0,1.0,1.0,2,0,0.6015300750732422
388,23.2,32.4,0.0,4.0,0.0,1.0,2,0,0.5884170532226562
389,23.6,34.0,0.4,1.0,1.0,1.0,2,0,0.7219314575195312
390,24.0,33.0,0.0,4.0,0.0,1.0,0,0,0.5908012390136719
391,24.4,34.7,0.0,4.0,0.0,1.0,0,0,0.6046295166015625
392,25.0,33.0,0.0,4.0,0.0,1.0,2,0,0.5502700805664062
393,25.0,32.3,0.0,4.0,0.0,1.0,2,0,0.5841255187988281
394,25.6,32.0,0.0,4.0,0.0,1.0,2,0,0.6473064422607422
395,25.0,32.3,0.0,4.0,0.0,1.0,0,0,0.6153583526611328
396,25.0,32.8,0.0,4.0,0.0,1.0,2,0,0.5927085876464844
397,23.4,33.2,67.0,0.0,3.0,1.0,2,2,0.5958080291748047
398,23.2,32.8,39.3,3.0,2.0,1.0,0,0,0.6070137023925781
399,24.0,33.8,0.0,4.0,0.0,1.0,2,0,0.6096363067626953
400,24.0,32.8,23.9,3.0,2.0,1.0,2,0,0.6074905395507812
401,24.1,32.6,23.0,3.0,2.0,1.0,2,0,0.5843639373779297
402,23.9,31.4,21.4,3.0,2.0,1.0,2,0,0.6897449493408203
403,24.4,33.2,0.5,1.0,1.0,1.0,0,0,0.6701946258544922
404,25.2,32.0,0.0,4.0,0.0,1.0,0,0,0.606536865234375
405,24.4,33.7,0.0,4.0,0.0,1.0,2,0,0.6561279296875
406,23.6,32.2,39.1,3.0,2.0,1.0,2,0,0.5676746368408203
407,23.8,31.8,0.0,4.0,0.0,7.0,2,0,0.5934238433837891
408,24.8,30.1,0.0,4.0,0.0,7.0,2,0,0.5867481231689453
409,23.4,30.7,0.0,4.0,0.0,7.0,2,0,0.5829334259033203
410,23.2,30.6,0.1,1.0,1.0,1.0,2,0,0.6527900695800781
411,24.2,32.0,0.0,4.0,0.0,1.0,2,0,0.6186962127685547
412,24.0,32.6,0.0,4.0,0.0,1.0,2,0,0.5888938903808594
413,24.2,30.6,0.0,4.0,0.0,1.0,2,0,0.5841255187988281
414,24.0,31.6,0.3,1.0,1.0,1.0,2,0,0.614166259765625
415,23.9,31.7,0.0,4.0,0.0,7.0,2,0,0.6809234619140625
416,24.4,32.6,0.0,4.0,0.0,1.0,2,0,0.6291866302490234
417,24.2,30.4,13.0,1.0,1.0,1.0,2,0,0.5970001220703125
418,23.2,33.4,0.0,4.0,0.0,1.0,2,0,0.5996227264404297
419,23.8,33.1,0.1,1.0,1.0,1.0,2,0,0.6473064422607422
420,24.0,33.0,0.0,4.0,0.0,1.0,2,0,0.5884170532226562
421,24.7,32.6,0.0,4.0,0.0,1.0,2,0,0.6113052368164062
422,24.0,32.1,0.1,1.0,1.0,7.0,2,0,0.6101131439208984
423,24.2,30.1,0.0,4.0,0.0,7.0,2,0,1.0552406311035156
424,23.4,33.4,0.0,4.0,0.0,1.0,2,0,0.6158351898193359
425,23.6,32.0,0.1,1.0,1.0,3.0,2,0,0.5908012390136719
426,24.2,31.9,0.8,1.0,1.0,1.0,2,0,0.6196498870849609
427,24.6,32.7,3.5,1.0,1.0,1.0,2,0,0.6031990051269531
428,23.5,33.6,0.1,1.0,1.0,1.0,2,0,0.6566047668457031
429,22.2,29.0,1.0,1.0,1.0,1.0,2,0,0.6253719329833984
430,24.4,29.2,17.5,1.0,1.0,1.0,2,0,0.5936622619628906
431,24.1,27.2,7.0,1.0,1.0,1.0,2,0,0.6468296051025391
432,23.2,29.5,13.5,1.0,1.0,1.0,2,0,0.606536865234375
433,22.8,31.0,3.6,1.0,1.0,1.0,2,0,0.6029605865478516
434,23.2,30.4,0.0,4.0,0.0,1.0,2,0,0.58746337890625
435,23.6,32.4,0.0,4.0,0.0,1.0,2,0,0.6153583526611328
436,24.0,32.4,27.7,3.0,2.0,1.0,2,0,0.6458759307861328
437,23.4,31.6,13.6,1.0,1.0,1.0,2,0,0.6241798400878906
438,24.2,29.2,0.5,1.0,1.0,1.0,2,0,0.5812644958496094
439,24.0,31.1,10.0,1.0,1.0,1.0,2,0,0.6051063537597656
440,24.2,32.0,0.0,4.0,0.0,1.0,2,0,0.6651878356933594
441,23.8,30.2,10.5,1.0,1.0,1.0,2,0,0.5941390991210938
442,23.3,32.4,0.5,1.0,1.0,1.0,2,0,0.5960464477539062
443,23.0,32.6,0.0,4.0,0.0,7.0,2,0,0.6067752838134766
444,23.0,33.2,0.0,4.0,0.0,7.0,2,0,0.6084442138671875
445,23.6,32.4,43.5,3.0,2.0,1.0,2,0,0.5717277526855469
446,19.0,32.4,49.8,3.0,2.0,1.0,2,0,0.5893707275390625
447,23.6,32.8,99.4,0.0,3.0,1.0,2,2,0.6682872772216797
448,22.4,32.8,39.5,3.0,2.0,1.0,2,0,0.6260871887207031
449,23.6,32.0,66.1,0.0,3.0,1.0,2,2,0.5898475646972656
450,23.8,32.4,2.3,1.0,1.0,1.0,2,0,0.5609989166259766
451,24.0,33.4,8.8,1.0,1.0,1.0,2,0,0.6041526794433594
452,22.8,32.2,69.7,0.0,3.0,1.0,2,2,0.579833984375
453,23.2,32.8,4.7,1.0,1.0,1.0,2,0,0.6709098815917969
454,23.8,31.0,2.7,1.0,1.0,1.0,2,0,0.6363391876220703
455,23.4,32.5,24.9,3.0,2.0,1.0,2,0,0.6356239318847656
456,23.1,33.6,21.4,3.0,2.0,1.0,2,0,0.6012916564941406
457,24.9,34.0,1.5,1.0,1.0,1.0,0,0,0.4200935363769531
458,24.4,32.2,1.5,1.0,1.0,1.0,2,0,0.6427764892578125
459,24.2,31.6,4.0,1.0,1.0,1.0,2,0,0.6313323974609375
460,23.4,33.4,45.3,3.0,2.0,1.0,2,0,0.5631446838378906
461,23.6,33.6,0.2,1.0,1.0,1.0,2,0,0.5526542663574219
462,23.5,33.0,28.1,3.0,2.0,1.0,2,0,0.5605220794677734
463,24.2,32.0,27.8,3.0,2.0,1.0,2,0,0.5843639373779297
464,24.2,31.2,41.9,3.0,2.0,1.0,2,0,0.5991458892822266
465,24.4,31.2,55.0,0.0,3.0,1.0,2,0,0.5817413330078125
466,22.2,34.0,0.0,4.0,0.0,1.0,2,0,1.0111331939697266
467,23.4,33.4,56.0,0.0,3.0,1.0,2,0,0.6430149078369141
468,24.0,34.0,10.4,1.0,1.0,1.0,2,0,0.6458759307861328
469,24.4,29.0,28.7,3.0,2.0,1.0,2,0,0.6029605865478516
470,22.0,33.0,20.4,3.0,2.0,1.0,2,0,0.6062984466552734
471,22.6,34.0,0.0,4.0,0.0,1.0,2,0,0.7190704345703125
472,24.4,34.6,13.4,1.0,1.0,1.0,2,0,0.5996227264404297
473,23.6,31.8,68.4,0.0,3.0,1.0,2,2,0.6134510040283203
474,23.8,32.8,0.0,4.0,0.0,1.0,2,0,0.6005764007568359
475,23.1,33.6,1.5,1.0,1.0,1.0,2,0,0.5939006805419922
476,23.2,32.6,37.0,3.0,2.0,1.0,2,0,0.5984306335449219
477,23.6,33.0,36.0,3.0,2.0,1.0,2,0,0.6000995635986328
478,23.0,31.8,16.4,1.0,1.0,1.0,2,0,0.5574226379394531
479,23.6,34.6,31.0,3.0,2.0,1.0,2,0,0.7381439208984375
480,23.6,34.8,12.5,1.0,1.0,1.0,0,0,0.6213188171386719
481,23.4,34.7,0.0,4.0,0.0,1.0,2,0,0.6129741668701172
482,24.0,33.8,8.7,1.0,1.0,1.0,2,0,0.5469322204589844
483,23.8,33.4,20.2,3.0,2.0,1.0,2,0,0.5669593811035156
484,24.9,33.0,0.0,4.0,0.0,1.0,2,0,0.6008148193359375
485,23.4,33.7,10.4,1.0,1.0,1.0,2,0,0.5652904510498047
486,23.6,34.4,43.4,3.0,2.0,1.0,2,0,0.5576610565185547
487,23.8,33.7,0.2,1.0,1.0,1.0,2,0,0.6136894226074219
488,23.2,33.7,29.5,3.0,2.0,1.0,2,0,0.5540847778320312
489,23.4,33.5,0.0,4.0,0.0,0.0,0,0,0.5486011505126953
490,23.8,31.0,17.2,1.0,1.0,1.0,2,0,0.6308555603027344
491,23.8,33.1,0.4,1.0,1.0,1.0,2,0,0.6573200225830078
492,23.8,33.8,0.0,4.0,0.0,0.0,2,0,0.5695819854736328
493,24.0,34.0,0.0,4.0,0.0,1.0,0,0,0.5841255187988281
494,24.8,32.2,0.0,4.0,0.0,1.0,2,0,0.5581378936767578
495,24.4,34.7,0.2,1.0,1.0,1.0,0,0,0.5884170532226562
496,25.0,33.6,0.0,4.0,0.0,1.0,0,0,0.5769729614257812
497,25.6,35.0,0.0,4.0,0.0,1.0,0,0,0.5700588226318359
498,24.8,34.4,0.0,4.0,0.0,1.0,0,0,0.5848407745361328
499,25.3,34.0,0.0,4.0,0.0,1.0,0,0,0.576019287109375
500,24.2,33.6,0.5,1.0,1.0,1.0,2,0,0.5438327789306641
501,24.6,33.0,14.2,1.0,1.0,1.0,2,0,0.6434917449951172
502,24.2,32.8,0.2,1.0,1.0,1.0,2,0,0.6098747253417969
503,23.8,34.0,0.5,1.0,1.0,1.0,0,0,0.606536865234375
504,24.9,31.6,2.0,1.0,1.0,1.0,2,0,0.44846534729003906
505,23.0,31.0,58.0,0.0,3.0,1.0,2,0,0.6208419799804688
506,23.4,32.4,11.4,1.0,1.0,1.0,2,0,0.5528926849365234
507,24.4,33.4,0.0,4.0,0.0,1.0,0,0,0.6198883056640625
508,23.8,34.0,0.0,4.0,0.0,1.0,2,0,0.6017684936523438
509,23.0,34.4,0.0,4.0,0.0,1.0,2,0,0.5869865417480469
510,23.4,33.6,0.0,4.0,0.0,1.0,0,0,0.46563148498535156
511,22.6,34.8,0.0,4.0,0.0,1.0,2,0,0.6017684936523438
512,23.0,34.8,0.0,4.0,0.0,1.0,0,0,0.5702972412109375
513,24.2,34.0,0.0,4.0,0.0,1.0,0,0,0.6339550018310547
514,23.8,33.4,0.0,4.0,0.0,1.0,2,0,0.6034374237060547
515,23.4,33.4,0.0,4.0,0.0,1.0,2,0,0.5950927734375
516,23.8,35.0,0.0,4.0,0.0,1.0,0,0,0.5896091461181641
517,23.6,35.0,0.0,4.0,0.0,1.0,2,0,0.6792545318603516
518,23.2,31.6,0.0,4.0,0.0,0.0,2,0,0.6330013275146484
519,23.2,33.2,0.0,4.0,0.0,1.0,2,0,0.6132125854492188
520,22.0,34.6,0.0,4.0,0.0,0.0,2,0,0.5943775177001953
521,22.4,34.6,0.0,4.0,0.0,1.0,0,0,0.6449222564697266
522,23.4,34.8,0.0,4.0,0.0,1.0,0,0,0.5724430084228516
523,23.6,34.2,0.0,4.0,0.0,1.0,2,0,0.5958080291748047
524,24.0,33.2,0.0,4.0,0.0,1.0,0,0,0.6480216979980469
525,24.8,34.2,0.0,4.0,0.0,1.0,0,0,0.5843639373779297
526,24.2,33.6,0.0,4.0,0.0,1.0,2,0,0.6077289581298828
527,24.0,32.4,5.8,1.0,1.0,1.0,2,0,0.6878376007080078
528,24.4,34.0,2.5,1.0,1.0,1.0,0,0,0.5583763122558594
529,24.8,34.0,0.0,4.0,0.0,0.0,0,0,0.6170272827148438
530,25.0,33.2,16.2,1.0,1.0,0.0,0,0,0.6074905395507812
531,24.6,31.2,17.2,1.0,1.0,1.0,2,0,0.5803108215332031
532,23.8,32.6,55.0,0.0,3.0,1.0,2,0,0.5731582641601562
533,24.2,33.0,0.0,4.0,0.0,4.0,2,0,0.5934238433837891
534,24.6,34.0,0.0,4.0,0.0,4.0,0,0,0.5924701690673828
535,23.4,35.0,0.0,4.0,0.0,1.0,2,0,0.6189346313476562
536,23.4,33.0,0.0,4.0,0.0,1.0,2,0,0.5946159362792969
537,23.6,33.6,0.0,4.0,0.0,1.0,2,0,0.5919933319091797
538,23.8,34.0,0.0,4.0,0.0,0.0,2,0,0.5853176116943359
539,23.6,33.6,0.0,4.0,0.0,1.0,2,0,0.5545616149902344
540,23.8,34.0,0.0,4.0,0.0,1.0,2,0,0.6096363067626953
541,23.4,33.4,0.0,4.0,0.0,1.0,2,0,0.5974769592285156
542,24.0,33.2,0.0,4.0,0.0,1.0,2,0,0.5729198455810547
543,24.6,34.6,0.0,4.0,0.0,4.0,0,0,0.6103515625
544,24.4,34.2,0.0,4.0,0.0,1.0,0,0,0.6127357482910156
545,23.8,35.0,0.0,4.0,0.0,1.0,0,0,0.5824565887451172
546,23.8,34.3,0.0,4.0,0.0,4.0,2,0,0.5958080291748047
547,24.0,33.7,0.0,4.0,0.0,4.0,2,0,0.5941390991210938
548,23.8,32.6,0.0,4.0,0.0,1.0,2,0,0.4425048828125
549,23.4,33.2,0.0,4.0,0.0,1.0,2,0,0.5090236663818359
550,23.8,33.6,0.0,4.0,0.0,0.0,2,0,0.6120204925537109
551,23.4,33.0,0.0,4.0,0.0,1.0,2,0,0.6318092346191406
552,23.4,34.0,0.0,4.0,0.0,1.0,0,0,0.5042552947998047
553,25.0,34.0,0.0,4.0,0.0,1.0,0,0,0.5996227264404297
554,24.2,32.8,0.0,4.0,0.0,1.0,2,0,0.5931854248046875
555,23.6,33.8,0.0,4.0,0.0,1.0,2,0,0.5970001220703125
556,23.4,33.4,0.0,4.0,0.0,1.0,2,0,0.5776882171630859
557,23.6,25.8,0.0,4.0,0.0,1.0,2,0,0.6160736083984375
558,21.4,31.1,16.2,1.0,1.0,1.0,2,0,0.5686283111572266
559,22.0,32.6,16.0,1.0,1.0,4.0,2,0,0.5702972412109375
560,22.6,33.0,0.0,4.0,0.0,4.0,0,0,0.5970001220703125
561,24.6,33.0,0.0,4.0,0.0,4.0,2,0,0.5998611450195312
562,23.8,33.2,0.0,4.0,0.0,4.0,2,0,0.5917549133300781
563,20.6,32.8,0.0,4.0,0.0,1.0,2,0,0.6170272827148438
564,21.2,33.6,0.0,4.0,0.0,4.0,2,0,0.5939006805419922
565,22.2,33.6,0.0,4.0,0.0,4.0,0,0,0.6144046783447266
566,24.6,31.2,0.0,4.0,0.0,4.0,2,0,0.5514621734619141
567,18.6,32.6,0.0,4.0,0.0,4.0,2,0,0.5784034729003906
568,18.6,33.8,0.0,4.0,0.0,4.0,2,0,0.7054805755615234
569,21.2,33.0,0.0,4.0,0.0,4.0,2,0,0.4336833953857422
570,23.0,32.8,0.0,4.0,0.0,4.0,2,0,0.5853176116943359
571,23.2,32.6,0.0,4.0,0.0,4.0,2,0,0.5652904510498047
572,24.2,33.4,0.0,4.0,0.0,4.0,2,0,0.6291866302490234
573,22.6,33.8,0.0,4.0,0.0,1.0,2,0,0.5500316619873047
574,21.4,32.8,0.0,4.0,0.0,4.0,2,0,0.6415843963623047
575,23.0,33.4,0.0,4.0,0.0,4.0,2,0,0.5950927734375
576,23.6,33.0,0.0,4.0,0.0,4.0,2,0,0.5815029144287109
577,24.0,32.6,0.0,4.0,0.0,4.0,2,0,0.5702972412109375
578,21.6,33.2,0.0,4.0,0.0,1.0,2,0,0.6103515625
579,22.2,34.0,0.0,4.0,0.0,1.0,2,0,0.6175041198730469
580,22.2,32.8,0.0,4.0,0.0,1.0,2,0,0.6055831909179688
581,22.2,33.0,0.0,4.0,0.0,0.0,2,0,0.6012916564941406
582,23.2,34.0,0.0,4.0,0.0,1.0,2,0,0.5679130554199219
583,23.8,35.2,0.0,4.0,0.0,1.0,2,0,0.5884170532226562
584,23.6,34.4,0.0,4.0,0.0,4.0,2,0,0.5884170532226562
585,23.4,33.6,0.0,4.0,0.0,1.0,2,0,0.6570816040039062
586,22.2,34.2,0.0,4.0,0.0,1.0,2,0,0.5738735198974609
587,21.4,34.0,0.0,4.0,0.0,1.0,2,0,0.6031990051269531
588,18.2,34.8,0.0,4.0,0.0,1.0,2,0,0.5896091461181641
589,18.0,33.6,0.0,4.0,0.0,4.0,2,0,0.5934238433837891
590,18.2,33.0,0.0,4.0,0.0,1.0,2,0,0.6432533264160156
591,20.0,33.6,0.0,4.0,0.0,1.0,2,0,0.652313232421875
592,21.4,34.0,0.0,4.0,0.0,1.0,2,0,0.545501708984375
593,22.2,34.0,0.0,4.0,0.0,4.0,2,0,0.5712509155273438
594,23.4,34.0,0.0,4.0,0.0,4.0,0,0,0.5946159362792969
595,20.4,31.4,0.0,4.0,0.0,4.0,2,0,0.5426406860351562
596,21.0,33.0,0.0,4.0,0.0,4.0,2,0,0.6229877471923828
597,21.0,32.6,0.0,4.0,0.0,4.0,2,0,0.5826950073242188
598,23.0,33.0,0.0,4.0,0.0,4.0,2,0,0.5483627319335938
599,21.4,33.4,0.0,4.0,0.0,1.0,2,0,0.5872249603271484
600,20.6,33.2,0.0,4.0,0.0,1.0,2,0,0.5872249603271484
601,22.6,33.8,0.0,4.0,0.0,1.0,2,0,0.5743503570556641
602,24.3,33.6,0.0,4.0,0.0,4.0,0,0,0.7274150848388672
603,24.3,34.0,0.0,4.0,0.0,1.0,2,0,0.5733966827392578
604,23.6,34.4,0.0,4.0,0.0,0.0,2,0,0.5934238433837891
605,23.8,34.6,0.0,4.0,0.0,4.0,0,0,0.5960464477539062
606,24.0,34.2,0.0,4.0,0.0,4.0,2,0,0.5712509155273438
607,24.8,33.8,0.0,4.0,0.0,4.0,0,0,0.629425048828125
608,23.6,34.2,0.0,4.0,0.0,4.0,0,0,0.5929470062255859
609,23.0,33.7,0.0,4.0,0.0,4.0,2,0,0.5791187286376953
610,21.7,34.0,0.0,4.0,0.0,0.0,2,0,0.5400180816650391
611,20.4,34.8,0.0,4.0,0.0,4.0,2,0,0.5571842193603516
612,20.6,34.4,0.0,4.0,0.0,0.0,2,0,0.5970001220703125
613,22.6,34.8,0.0,4.0,0.0,0.0,2,0,0.6046295166015625
614,23.6,34.8,0.0,4.0,0.0,4.0,0,0,0.5939006805419922
615,24.4,34.7,0.0,4.0,0.0,1.0,2,0,0.5729198455810547
616,22.4,34.5,0.0,4.0,0.0,1.0,2,0,0.3871917724609375
617,22.4,34.8,0.0,4.0,0.0,1.0,2,0,0.5903244018554688
618,22.0,34.2,0.0,4.0,0.0,1.0,2,0,0.6346702575683594
619,21.8,34.6,0.0,4.0,0.0,0.0,2,0,0.682830810546875
620,22.2,34.7,0.0,4.0,0.0,0.0,2,0,0.5486011505126953
621,23.5,35.0,0.0,4.0,0.0,1.0,0,0,0.5991458892822266
622,23.0,34.4,0.0,4.0,0.0,4.0,2,0,0.5986690521240234
623,24.0,34.2,0.0,4.0,0.0,1.0,2,0,0.6573200225830078
624,23.2,34.4,0.0,4.0,0.0,1.0,2,0,0.6387233734130859
625,23.4,34.0,0.0,4.0,0.0,1.0,2,0,0.6108283996582031
626,22.8,35.2,0.0,4.0,0.0,4.0,2,0,0.5953311920166016
627,23.4,34.4,0.0,4.0,0.0,4.0,2,0,0.5712509155273438
628,23.4,33.8,0.0,4.0,0.0,4.0,0,0,0.6160736083984375
629,25.4,35.8,0.0,4.0,0.0,4.0,0,0,0.667572021484375
630,25.3,33.4,0.0,4.0,0.0,1.0,0,0,0.5793571472167969
631,23.8,37.2,1.0,1.0,1.0,1.0,0,0,0.5929470062255859
632,23.4,37.1,0.0,4.0,0.0,4.0,0,0,0.6430149078369141
633,23.8,36.6,0.0,4.0,0.0,4.0,0,0,0.5986690521240234
634,25.6,35.2,0.0,4.0,0.0,4.0,0,0,0.5927085876464844
635,24.4,34.6,0.0,4.0,0.0,4.0,2,0,0.6198883056640625
636,22.3,35.4,0.0,4.0,0.0,6.0,0,0,0.5998611450195312
637,22.4,35.6,0.0,4.0,0.0,4.0,0,0,0.5908012390136719
638,22.6,33.4,0.0,4.0,0.0,4.0,2,0,0.5953311920166016
639,24.0,35.4,0.0,4.0,0.0,4.0,0,0,0.5667209625244141
640,25.0,36.7,0.0,4.0,0.0,4.0,0,0,0.6651878356933594
641,23.6,36.2,0.0,4.0,0.0,0.0,0,0,0.6120204925537109
642,24.0,35.8,0.0,4.0,0.0,1.0,0,0,0.6134510040283203
643,24.2,36.4,0.0,4.0,0.0,1.0,0,0,0.5705356597900391
644,23.1,36.4,0.0,4.0,0.0,0.0,0,0,0.6222724914550781
645,24.2,35.6,0.0,4.0,0.0,4.0,0,0,0.6401538848876953
646,24.8,37.0,0.0,4.0,0.0,0.0,0,0,0.5552768707275391
647,23.4,37.4,0.0,4.0,0.0,0.0,0,0,0.5376338958740234
648,24.0,35.8,0.0,4.0,0.0,0.0,0,0,0.5710124969482422
649,24.2,36.2,0.0,4.0,0.0,1.0,0,0,0.6053447723388672
650,22.4,35.6,0.0,4.0,0.0,4.0,0,0,0.5648136138916016
651,23.8,35.6,0.0,4.0,0.0,0.0,0,0,0.6699562072753906
652,23.0,35.8,0.0,4.0,0.0,0.0,0,0,0.5903244018554688
653,24.0,36.4,0.0,4.0,0.0,1.0,0,0,0.5524158477783203
654,24.2,36.2,0.0,4.0,0.0,0.0,0,0,0.5862712860107422
655,25.0,36.4,0.0,4.0,0.0,0.0,0,0,0.67138671875
656,24.7,35.2,0.0,4.0,0.0,0.0,0,0,0.5979537963867188
657,23.3,35.6,0.0,4.0,0.0,1.0,0,0,0.5998611450195312
658,23.4,37.4,0.0,4.0,0.0,0.0,0,0,0.6172657012939453
659,25.0,37.6,0.0,4.0,0.0,0.0,0,0,0.5786418914794922
660,25.2,37.4,0.0,4.0,0.0,4.0,0,0,0.5640983581542969
661,25.6,38.0,0.0,4.0,0.0,4.0,0,0,0.5741119384765625
662,24.0,38.0,0.0,4.0,0.0,4.0,0,0,0.659942626953125
663,25.3,37.2,0.0,4.0,0.0,1.0,0,0,0.6020069122314453
664,24.2,36.8,0.0,4.0,0.0,4.0,0,0,0.6148815155029297
665,25.4,36.6,0.0,4.0,0.0,4.0,0,0,0.5514621734619141
666,25.6,36.0,0.0,4.0,0.0,1.0,0,0,0.5629062652587891
667,25.2,37.2,0.0,4.0,0.0,0.0,0,0,0.6039142608642578
668,25.8,36.8,0.0,4.0,0.0,4.0,0,0,0.6031990051269531
669,25.4,36.4,0.0,4.0,0.0,4.0,0,0,0.5881786346435547
670,26.0,36.3,0.0,4.0,0.0,4.0,0,0,0.6573200225830078
671,25.1,35.0,0.0,4.0,0.0,0.0,0,0,0.6110668182373047
672,25.2,37.2,0.0,4.0,0.0,4.0,0,0,0.5872249603271484
673,25.6,37.0,0.0,4.0,0.0,0.0,0,0,0.6663799285888672
674,24.8,36.2,0.0,4.0,0.0,0.0,0,0,0.5619525909423828
675,25.5,35.6,0.0,4.0,0.0,1.0,0,0,0.6830692291259766
676,24.5,36.2,0.0,4.0,0.0,4.0,0,0,0.6015300750732422
677,25.5,37.0,0.0,4.0,0.0,1.0,0,0,0.6110668182373047
678,25.4,36.4,0.0,4.0,0.0,1.0,0,0,0.6382465362548828
679,24.6,35.4,7.5,1.0,1.0,1.0,0,0,0.6203651428222656
680,26.2,36.2,0.0,4.0,0.0,4.0,0,0,0.5915164947509766
681,25.5,35.2,0.0,4.0,0.0,1.0,0,0,0.5755424499511719
682,26.6,34.8,0.0,4.0,0.0,1.0,0,0,0.6096363067626953
683,26.5,34.6,0.0,4.0,0.0,6.0,0,0,0.6184577941894531
684,25.4,34.2,2.0,1.0,1.0,1.0,0,0,0.6415843963623047
685,25.4,35.6,0.0,4.0,0.0,0.0,0,0,0.5972385406494141
686,25.1,35.8,0.0,4.0,0.0,4.0,0,0,1.0156631469726562
687,25.4,35.2,0.0,4.0,0.0,1.0,0,0,0.38623809814453125
688,26.0,35.6,0.0,4.0,0.0,1.0,0,0,0.5807876586914062
689,25.2,33.8,10.6,1.0,1.0,4.0,0,0,0.6685256958007812
690,25.0,32.8,6.7,1.0,1.0,1.0,0,0,0.6000995635986328
691,23.2,31.6,52.7,0.0,3.0,1.0,2,0,0.5784034729003906
692,25.0,33.6,0.0,4.0,0.0,1.0,2,0,0.5860328674316406
693,23.3,33.8,7.6,1.0,1.0,1.0,2,0,0.6163120269775391
694,24.4,34.5,0.6,1.0,1.0,1.0,0,0,0.6291866302490234
695,23.4,33.6,1.6,1.0,1.0,1.0,2,0,0.5819797515869141
696,23.8,32.2,0.0,4.0,0.0,1.0,2,0,0.6029605865478516
697,23.0,35.6,29.0,3.0,2.0,7.0,0,0,0.6055831909179688
698,25.0,36.4,0.0,4.0,0.0,4.0,0,0,0.614166259765625
699,25.8,37.6,0.0,4.0,0.0,4.0,0,0,0.5486011505126953
700,25.6,36.4,0.0,4.0,0.0,1.0,0,0,0.6086826324462891
701,24.6,34.0,20.5,3.0,2.0,1.0,0,0,0.57220458984375
702,25.1,35.8,0.0,4.0,0.0,1.0,0,0,0.5741119384765625
703,24.0,35.2,0.0,4.0,0.0,1.0,0,0,0.5495548248291016
704,24.8,34.4,0.0,4.0,0.0,1.0,0,0,0.5741119384765625
705,23.4,35.6,1.2,1.0,1.0,5.0,0,0,0.5710124969482422
706,23.2,35.4,8.3,1.0,1.0,4.0,0,0,0.6003379821777344
707,24.2,34.6,0.0,4.0,0.0,4.0,0,0,0.5652904510498047
708,24.0,32.0,2.1,1.0,1.0,1.0,2,0,0.5629062652587891
709,24.8,30.4,0.0,4.0,0.0,1.0,2,0,0.5993843078613281
710,23.8,34.0,4.5,1.0,1.0,1.0,2,0,0.5574226379394531
711,23.8,32.0,3.5,1.0,1.0,1.0,2,0,0.6117820739746094
712,23.9,34.6,0.0,4.0,0.0,1.0,0,0,0.5898475646972656
713,24.2,33.0,0.0,4.0,0.0,3.0,0,0,0.5476474761962891
714,25.0,33.6,0.0,4.0,0.0,1.0,0,0,0.5655288696289062
715,24.0,34.7,0.0,4.0,0.0,1.0,0,0,0.5807876586914062
716,24.0,33.4,8.1,1.0,1.0,6.0,2,0,0.5838871002197266
717,24.1,33.8,5.5,1.0,1.0,1.0,0,0,0.6563663482666016
718,24.4,34.0,9.7,1.0,1.0,1.0,0,0,0.6575584411621094
719,24.5,34.2,0.0,4.0,0.0,1.0,0,0,0.5977153778076172
720,24.8,33.0,0.0,4.0,0.0,1.0,0,0,0.5705356597900391
721,23.4,33.0,13.0,1.0,1.0,1.0,2,0,0.6694793701171875
722,23.5,32.6,0.0,4.0,0.0,1.0,2,0,0.6127357482910156
723,24.8,34.0,0.0,4.0,0.0,1.0,0,0,0.5857944488525391
724,24.2,34.8,0.0,4.0,0.0,4.0,0,0,0.5731582641601562
725,24.4,34.7,1.8,1.0,1.0,7.0,2,0,0.644683837890625
726,23.8,34.6,61.0,0.0,3.0,4.0,0,0,0.5853176116943359
727,24.2,30.0,6.0,1.0,1.0,7.0,2,0,0.5743503570556641
