Data ke,Suhu Min,Suhu Max,Curah Hujan (mm),Kategori Curah Hujan,Kategori Hujan (num),Arah Angin,Actual Class,Predicted Class,Execution Time,Arduino Prediction,Arduino Execution Time
1,24.6,34.4,0.0,4.0,0.0,1.0,0,0,0.0015611648559570312,0,0.036
2,24.8,33.0,0.0,4.0,0.0,1.0,2,0,0.00024175643920898438,0,0.036
3,24.8,34.3,0.0,4.0,0.0,1.0,0,0,0.00020575523376464844,0,0.036
4,24.0,34.4,0.0,4.0,0.0,1.0,2,0,0.0001800060272216797,0,0.036
5,24.4,32.8,2.0,1.0,1.0,1.0,2,0,0.00018310546875,0,0.036
6,24.2,34.0,0.0,4.0,0.0,1.0,0,0,0.00017309188842773438,0,0.036
7,24.2,34.4,0.0,4.0,0.0,1.0,2,0,0.00017404556274414062,0,0.036
8,25.0,34.2,0.0,4.0,0.0,1.0,0,0,0.0001678466796875,0,0.036
9,24.4,35.2,0.0,4.0,0.0,1.0,0,0,0.0001728534698486328,0,0.036
10,23.6,35.0,0.0,4.0,0.0,1.0,0,0,0.00017881393432617188,0,0.036
11,23.3,34.4,5.0,1.0,1.0,1.0,2,0,0.0001690387725830078,0,0.036
12,23.2,33.4,0.0,4.0,0.0,1.0,2,0,0.00019478797912597656,0,0.036
13,24.5,33.2,0.0,4.0,0.0,1.0,2,0,0.0002269744873046875,0,0.036
14,23.6,33.0,4.8,1.0,1.0,1.0,2,0,0.00018477439880371094,0,0.036
15,24.0,33.8,2.2,1.0,1.0,1.0,0,0,0.00018405914306640625,0,0.036
16,25.2,34.1,4.0,1.0,1.0,1.0,0,0,0.000179290771484375,0,0.036
17,24.8,33.5,0.0,4.0,0.0,1.0,0,0,0.00017881393432617188,0,0.036
18,24.2,33.4,0.0,4.0,0.0,1.0,2,0,0.0001742839813232422,0,0.036
19,24.0,33.0,9.0,1.0,1.0,1.0,2,0,0.0001800060272216797,0,0.036
20,24.2,34.2,13.5,1.0,1.0,1.0,2,0,0.0001742839813232422,0,0.036
21,24.6,33.0,36.2,3.0,2.0,1.0,2,0,0.0001728534698486328,0,0.036
22,23.8,33.7,8.3,1.0,1.0,1.0,2,0,0.00016808509826660156,0,0.036
23,22.2,32.6,0.0,4.0,0.0,1.0,2,0,0.0001609325408935547,0,0.036
24,23.6,33.8,0.0,4.0,0.0,1.0,2,0,0.0001609325408935547,0,0.036
25,23.6,34.6,22.6,3.0,2.0,1.0,2,0,0.00016188621520996094,0,0.036
26,24.2,30.0,15.0,1.0,1.0,1.0,2,0,0.00016117095947265625,0,0.036
27,23.6,33.4,12.0,1.0,1.0,1.0,2,0,0.00017404556274414062,0,0.036
28,24.2,31.0,7.9,1.0,1.0,1.0,2,0,0.0001728534698486328,0,0.036
29,24.8,33.4,0.0,4.0,0.0,1.0,0,0,0.0001621246337890625,0,0.036
30,25.2,34.8,0.0,4.0,0.0,1.0,0,0,0.0001621246337890625,0,0.036
31,24.2,34.8,0.0,4.0,0.0,1.0,0,0,0.0001659393310546875,0,0.036
32,24.2,35.0,7.2,1.0,1.0,1.0,0,0,0.00018715858459472656,0,0.036
33,24.2,34.8,0.0,4.0,0.0,1.0,0,0,0.0002498626708984375,0,0.036
34,24.8,34.2,0.0,4.0,0.0,1.0,0,0,0.00024390220642089844,0,0.036
35,24.8,33.0,0.0,4.0,0.0,2.0,2,0,0.00028014183044433594,0,0.036
36,23.7,32.4,45.1,3.0,2.0,1.0,2,0,0.00018978118896484375,0,0.036
37,24.3,32.9,0.0,4.0,0.0,1.0,0,0,0.0001800060272216797,0,0.036
38,24.2,33.3,0.0,4.0,0.0,1.0,2,0,0.0001690387725830078,0,0.036
39,24.0,33.4,56.3,0.0,3.0,1.0,2,0,0.0001678466796875,0,0.036
40,23.8,32.8,13.3,1.0,1.0,1.0,2,0,0.00016617774963378906,0,0.036
41,23.6,33.2,0.0,4.0,0.0,1.0,2,0,0.0001800060272216797,0,0.036
42,25.0,32.2,0.0,4.0,0.0,1.0,2,0,0.00016498565673828125,0,0.036
43,24.6,32.2,0.0,4.0,0.0,1.0,2,0,0.0001800060272216797,0,0.036
44,25.0,32.6,8.4,1.0,1.0,1.0,2,0,0.0001628398895263672,0,0.036
45,24.4,35.2,10.1,1.0,1.0,1.0,0,0,0.00016498565673828125,0,0.036
46,25.2,34.4,0.0,4.0,0.0,1.0,0,0,0.00016689300537109375,0,0.036
47,25.4,34.8,0.0,4.0,0.0,1.0,0,0,0.0001609325408935547,0,0.036
48,24.2,33.0,66.1,0.0,3.0,1.0,2,2,0.0001609325408935547,2,0.036
49,24.0,33.2,67.5,0.0,3.0,1.0,2,2,0.0001621246337890625,2,0.036
50,24.2,33.2,37.6,3.0,2.0,1.0,2,0,0.0001609325408935547,0,0.036
51,24.6,32.0,0.0,4.0,0.0,1.0,2,0,0.0001728534698486328,0,0.036
52,24.2,32.2,0.0,4.0,0.0,1.0,2,0,0.00016999244689941406,0,0.036
53,24.8,34.2,0.0,4.0,0.0,1.0,0,0,0.0001709461212158203,0,0.036
54,25.0,33.8,0.0,4.0,0.0,1.0,0,0,0.0001780986785888672,0,0.036
55,25.0,33.4,0.0,4.0,0.0,1.0,0,0,0.00016117095947265625,0,0.036
56,24.6,34.9,18.5,1.0,1.0,1.0,0,0,0.00017189979553222656,0,0.036
57,25.8,33.7,0.0,4.0,0.0,1.0,0,0,0.0001690387725830078,0,0.036
58,24.7,34.2,1.9,1.0,1.0,1.0,2,0,0.0001780986785888672,0,0.036
59,25.0,32.7,1.6,1.0,1.0,1.0,2,0,0.00016307830810546875,0,0.036
60,24.0,32.8,33.2,3.0,2.0,1.0,2,0,0.00016999244689941406,0,0.036
61,24.2,33.4,0.9,1.0,1.0,1.0,2,0,0.00016307830810546875,0,0.036
62,23.8,34.0,37.3,3.0,2.0,1.0,2,0,0.0001709461212158203,0,0.036
63,24.0,33.1,15.0,1.0,1.0,1.0,2,0,0.00016999244689941406,0,0.036
64,25.4,30.8,11.7,1.0,1.0,1.0,2,0,0.0001652240753173828,0,0.036
65,24.6,35.2,5.2,1.0,1.0,1.0,0,0,0.0001709461212158203,0,0.036
66,24.0,31.6,45.5,3.0,2.0,1.0,2,0,0.00017189979553222656,0,0.036
67,24.2,33.3,0.5,1.0,1.0,1.0,2,0,0.0001709461212158203,0,0.036
68,24.4,32.5,9.0,1.0,1.0,1.0,2,0,0.00017189979553222656,0,0.036
69,24.4,33.0,17.7,1.0,1.0,1.0,2,0,0.00017309188842773438,0,0.036
70,24.2,32.2,3.9,1.0,1.0,1.0,2,0,0.0001728534698486328,0,0.036
71,23.6,32.2,80.3,0.0,3.0,1.0,2,2,0.0001609325408935547,2,0.036
72,23.8,30.2,79.3,0.0,3.0,1.0,2,2,0.00015807151794433594,2,0.036
73,23.4,31.4,0.7,1.0,1.0,1.0,2,0,0.00016999244689941406,0,0.036
74,23.7,33.0,0.8,1.0,1.0,1.0,2,0,0.0001609325408935547,0,0.036
75,24.6,31.9,0.0,4.0,0.0,1.0,2,0,0.00015997886657714844,0,0.036
76,23.4,33.2,6.0,1.0,1.0,1.0,2,0,0.00015997886657714844,0,0.036
77,24.0,33.4,0.0,4.0,0.0,1.0,2,0,0.00015997886657714844,0,0.036
78,24.2,34.8,0.0,4.0,0.0,1.0,0,0,0.0001647472381591797,0,0.036
79,23.0,35.0,0.0,4.0,0.0,1.0,2,0,0.00016999244689941406,0,0.036
80,24.0,34.2,0.0,4.0,0.0,1.0,2,0,0.00016117095947265625,0,0.036
81,24.2,33.6,0.0,4.0,0.0,1.0,0,0,0.00016117095947265625,0,0.036
82,24.6,33.6,14.5,1.0,1.0,1.0,0,0,0.0001609325408935547,0,0.036
83,24.6,33.2,2.4,1.0,1.0,1.0,2,0,0.0001590251922607422,0,0.036
84,25.2,32.4,0.0,4.0,0.0,1.0,2,0,0.00016069412231445312,0,0.036
85,24.9,32.6,4.5,1.0,1.0,1.0,2,0,0.00015997886657714844,0,0.036
86,24.8,33.0,1.2,1.0,1.0,1.0,2,0,0.0001609325408935547,0,0.036
87,24.6,34.4,18.6,1.0,1.0,1.0,2,0,0.0001609325408935547,0,0.036
88,24.6,34.0,43.9,3.0,2.0,1.0,2,0,0.00015807151794433594,0,0.036
89,24.4,33.0,24.4,3.0,2.0,1.0,2,0,0.00015926361083984375,0,0.036
90,23.8,31.8,28.4,3.0,2.0,1.0,2,0,0.0001590251922607422,0,0.036
91,24.4,32.2,0.4,1.0,1.0,1.0,2,0,0.00016069412231445312,0,0.036
92,23.2,32.4,19.5,1.0,1.0,1.0,2,0,0.00016117095947265625,0,0.036
93,23.6,33.5,0.0,4.0,0.0,1.0,2,0,0.00015997886657714844,0,0.036
94,25.0,33.4,0.0,4.0,0.0,1.0,0,0,0.00016164779663085938,0,0.036
95,25.0,33.0,0.0,4.0,0.0,1.0,2,0,0.0001621246337890625,0,0.036
96,24.0,32.4,1.0,1.0,1.0,1.0,2,0,0.00016188621520996094,0,0.036
97,24.2,32.8,19.7,1.0,1.0,7.0,2,0,0.0001621246337890625,0,0.036
98,24.0,34.4,1.0,1.0,1.0,1.0,2,0,0.0001652240753173828,0,0.036
99,23.8,30.4,15.5,1.0,1.0,1.0,2,0,0.00016736984252929688,0,0.036
100,24.1,30.6,2.7,1.0,1.0,1.0,2,0,0.00016188621520996094,0,0.036
101,23.7,32.8,27.8,3.0,2.0,1.0,2,0,0.00016188621520996094,0,0.036
102,24.0,33.6,0.0,4.0,0.0,1.0,2,0,0.00016617774963378906,0,0.036
103,23.5,33.1,51.8,0.0,3.0,1.0,2,0,0.000164031982421875,0,0.036
104,23.2,32.6,83.8,0.0,3.0,1.0,2,2,0.00016307830810546875,2,0.036
105,23.4,31.6,89.4,0.0,3.0,1.0,2,2,0.0001671314239501953,2,0.036
106,23.4,32.0,78.6,0.0,3.0,1.0,2,2,0.0001659393310546875,2,0.036
107,23.8,32.9,38.7,3.0,2.0,1.0,2,0,0.0001621246337890625,0,0.036
108,22.8,31.6,95.8,0.0,3.0,1.0,2,2,0.00019884109497070312,2,0.036
109,23.2,29.8,10.7,1.0,1.0,1.0,2,0,0.00017189979553222656,0,0.036
110,23.2,30.7,0.0,4.0,0.0,1.0,2,0,0.000171661376953125,0,0.036
111,24.2,31.4,0.0,4.0,0.0,1.0,2,0,0.00017213821411132812,0,0.036
112,24.6,29.2,0.8,1.0,1.0,1.0,2,0,0.00017213821411132812,0,0.036
113,23.4,30.6,0.4,1.0,1.0,1.0,2,0,0.00017309188842773438,0,0.036
114,24.0,31.8,0.0,4.0,0.0,1.0,2,0,0.00016999244689941406,0,0.036
115,23.6,32.0,4.9,1.0,1.0,1.0,2,0,0.00017309188842773438,0,0.036
116,23.4,30.6,6.2,1.0,1.0,1.0,2,0,0.00017404556274414062,0,0.036
117,23.0,31.0,0.0,4.0,0.0,1.0,2,0,0.00017309188842773438,0,0.036
118,23.2,33.0,0.0,4.0,0.0,1.0,2,0,0.0001709461212158203,0,0.036
119,24.0,34.7,0.0,4.0,0.0,1.0,2,0,0.0001709461212158203,0,0.036
120,23.2,31.1,0.0,4.0,0.0,1.0,2,0,0.00017118453979492188,0,0.036
121,23.2,30.4,0.2,1.0,1.0,7.0,2,0,0.00016999244689941406,0,0.036
122,24.2,29.4,0.5,1.0,1.0,1.0,2,0,0.0001659393310546875,0,0.036
123,23.9,29.8,0.0,4.0,0.0,1.0,2,0,0.00016379356384277344,0,0.036
124,23.8,27.4,2.0,1.0,1.0,1.0,2,0,0.0001647472381591797,0,0.036
125,23.6,28.5,16.7,1.0,1.0,1.0,2,0,0.000164031982421875,0,0.036
126,23.6,33.0,5.8,1.0,1.0,1.0,2,0,0.00016570091247558594,0,0.036
127,23.8,31.3,10.8,1.0,1.0,1.0,2,0,0.0001609325408935547,0,0.036
128,24.0,31.7,26.3,3.0,2.0,1.0,2,0,0.0001609325408935547,0,0.036
129,23.5,31.0,11.9,1.0,1.0,1.0,2,0,0.0001590251922607422,0,0.036
130,23.8,32.6,0.5,1.0,1.0,1.0,2,0,0.00015926361083984375,0,0.036
131,24.0,29.8,0.1,1.0,1.0,1.0,2,0,0.0001628398895263672,0,0.036
132,24.2,31.8,0.0,4.0,0.0,1.0,2,0,0.0001609325408935547,0,0.036
133,23.4,33.6,17.5,1.0,1.0,1.0,2,0,0.0001609325408935547,0,0.036
134,23.6,34.4,19.0,1.0,1.0,1.0,2,0,0.00016307830810546875,0,0.036
135,24.0,33.0,0.9,1.0,1.0,1.0,2,0,0.0001659393310546875,0,0.036
136,24.2,32.5,38.8,3.0,2.0,1.0,2,0,0.00015997886657714844,0,0.036
137,23.3,32.5,52.4,0.0,3.0,1.0,2,0,0.00016188621520996094,0,0.036
138,23.4,32.8,2.5,1.0,1.0,1.0,2,0,0.00016117095947265625,0,0.036
139,23.6,32.8,13.2,1.0,1.0,1.0,2,0,0.0001621246337890625,0,0.036
140,23.6,31.4,0.0,4.0,0.0,1.0,2,0,0.0001628398895263672,0,0.036
141,23.8,33.7,50.3,0.0,3.0,1.0,2,0,0.00016188621520996094,0,0.036
142,24.0,30.8,4.1,1.0,1.0,1.0,2,0,0.00016307830810546875,0,0.036
143,24.4,33.2,0.0,4.0,0.0,1.0,2,0,0.0001609325408935547,0,0.036
144,24.3,30.8,7.5,1.0,1.0,1.0,2,0,0.00016188621520996094,0,0.036
145,23.2,32.4,15.9,1.0,1.0,1.0,2,0,0.00015997886657714844,0,0.036
146,23.4,24.0,15.5,1.0,1.0,1.0,2,0,0.00016188621520996094,0,0.036
147,24.0,33.3,0.0,4.0,0.0,1.0,2,0,0.0001590251922607422,0,0.036
148,24.2,33.4,3.6,1.0,1.0,1.0,2,0,0.00015783309936523438,0,0.036
149,24.8,33.0,0.0,4.0,0.0,1.0,2,0,0.00015997886657714844,0,0.036
150,24.2,33.7,30.9,3.0,2.0,1.0,2,0,0.00015807151794433594,0,0.036
151,23.8,33.0,6.0,1.0,1.0,1.0,2,0,0.0001590251922607422,0,0.036
152,24.0,33.4,4.3,1.0,1.0,1.0,2,0,0.00016307830810546875,0,0.036
153,23.8,35.0,0.0,4.0,0.0,1.0,2,0,0.00015997886657714844,0,0.036
154,24.8,30.0,3.5,1.0,1.0,1.0,2,0,0.0001609325408935547,0,0.036
155,23.9,34.2,7.0,1.0,1.0,1.0,2,0,0.00016117095947265625,0,0.036
156,24.0,31.8,57.3,0.0,3.0,1.0,2,0,0.0001609325408935547,0,0.036
157,24.3,32.0,0.0,4.0,0.0,1.0,2,0,0.00015997886657714844,0,0.036
158,23.0,31.4,18.5,1.0,1.0,1.0,2,0,0.00016307830810546875,0,0.036
159,22.6,33.6,4.0,1.0,1.0,1.0,2,0,0.0001590251922607422,0,0.036
160,23.8,33.0,27.5,3.0,2.0,1.0,2,0,0.00016117095947265625,0,0.036
161,25.4,31.2,16.2,1.0,1.0,1.0,2,0,0.0001609325408935547,0,0.036
162,23.8,33.0,0.5,1.0,1.0,1.0,2,0,0.00015997886657714844,0,0.036
163,23.8,33.8,69.2,0.0,3.0,1.0,2,2,0.00015926361083984375,2,0.036
164,24.0,33.4,1.6,1.0,1.0,1.0,2,0,0.00015997886657714844,0,0.036
165,23.9,33.2,2.8,1.0,1.0,1.0,2,0,0.00015997886657714844,0,0.036
166,24.2,32.6,0.0,4.0,0.0,1.0,2,0,0.0001590251922607422,0,0.036
167,24.8,33.4,2.0,1.0,1.0,1.0,2,0,0.0001609325408935547,0,0.036
168,24.2,32.8,0.0,4.0,0.0,1.0,2,0,0.00015997886657714844,0,0.036
169,23.8,33.2,6.5,1.0,1.0,1.0,2,0,0.00017118453979492188,0,0.036
170,23.8,33.4,1.3,1.0,1.0,1.0,2,0,0.0001671314239501953,0,0.036
171,24.4,31.6,0.0,4.0,0.0,1.0,2,0,0.0001690387725830078,0,0.036
172,24.9,31.4,2.9,1.0,1.0,1.0,2,0,0.00017404556274414062,0,0.036
173,23.8,33.4,0.0,4.0,0.0,1.0,2,0,0.00017309188842773438,0,0.036
174,24.0,32.4,8.5,1.0,1.0,1.0,2,0,0.00016999244689941406,0,0.036
175,24.0,32.4,11.5,1.0,1.0,1.0,2,0,0.00017213821411132812,0,0.036
176,24.2,33.4,3.8,1.0,1.0,1.0,2,0,0.00017523765563964844,0,0.036
177,24.7,32.6,0.0,4.0,0.0,1.0,0,0,0.00017786026000976562,0,0.036
178,24.6,33.8,2.5,1.0,1.0,1.0,0,0,0.0001709461212158203,0,0.036
179,24.0,34.2,0.0,4.0,0.0,1.0,0,0,0.00016880035400390625,0,0.036
180,25.0,33.6,1.2,1.0,1.0,1.0,0,0,0.00016999244689941406,0,0.036
181,25.2,33.7,2.6,1.0,1.0,1.0,2,0,0.0001590251922607422,0,0.036
182,23.8,33.8,37.2,3.0,2.0,1.0,2,0,0.00016069412231445312,0,0.036
183,23.4,34.0,62.5,0.0,3.0,1.0,2,0,0.0001690387725830078,0,0.036
184,23.8,33.4,0.0,4.0,0.0,1.0,2,0,0.00017213821411132812,0,0.036
185,23.7,34.0,0.7,1.0,1.0,1.0,2,0,0.00017070770263671875,0,0.036
186,24.8,33.5,0.0,4.0,0.0,1.0,2,0,0.0001609325408935547,0,0.036
187,24.4,33.2,52.6,0.0,3.0,1.0,2,0,0.00017213821411132812,0,0.036
188,24.0,34.6,53.9,0.0,3.0,1.0,2,0,0.00017189979553222656,0,0.036
189,23.7,34.5,0.0,4.0,0.0,1.0,2,0,0.0001678466796875,0,0.036
190,24.0,33.8,0.0,4.0,0.0,1.0,0,0,0.00016307830810546875,0,0.036
191,24.8,34.0,0.0,4.0,0.0,1.0,0,0,0.00017499923706054688,0,0.036
192,24.6,34.0,0.5,1.0,1.0,1.0,0,0,0.00017118453979492188,0,0.036
193,24.8,33.6,4.5,1.0,1.0,1.0,2,0,0.00017213821411132812,0,0.036
194,24.6,32.4,0.0,4.0,0.0,1.0,2,0,0.00017690658569335938,0,0.036
195,24.0,32.2,9.2,1.0,1.0,1.0,2,0,0.0001747608184814453,0,0.036
196,23.6,32.0,2.0,1.0,1.0,1.0,2,0,0.00017499923706054688,0,0.036
197,23.8,33.0,0.0,4.0,0.0,1.0,2,0,0.0001728534698486328,0,0.036
198,22.6,33.2,0.6,1.0,1.0,1.0,2,0,0.00017380714416503906,0,0.036
199,23.4,34.0,0.0,4.0,0.0,1.0,2,0,0.00017309188842773438,0,0.036
200,24.0,34.2,0.0,4.0,0.0,1.0,0,0,0.00017690658569335938,0,0.036
201,23.6,34.4,0.0,4.0,0.0,1.0,2,0,0.00017595291137695312,0,0.036
202,23.4,34.6,0.0,4.0,0.0,1.0,0,0,0.00017380714416503906,0,0.036
203,23.6,33.9,0.0,4.0,0.0,1.0,0,0,0.000171661376953125,0,0.036
204,23.4,34.2,0.0,4.0,0.0,1.0,2,0,0.00017571449279785156,0,0.036
205,23.4,34.2,0.0,4.0,0.0,1.0,0,0,0.00017595291137695312,0,0.036
206,23.2,34.4,0.0,4.0,0.0,4.0,0,0,0.0001800060272216797,0,0.036
207,24.6,33.4,0.0,4.0,0.0,1.0,0,0,0.00017499923706054688,0,0.036
208,23.1,34.0,0.0,4.0,0.0,1.0,2,0,0.00016999244689941406,0,0.036
209,23.7,33.6,0.0,4.0,0.0,4.0,0,0,0.0001742839813232422,0,0.036
210,23.6,34.6,0.0,4.0,0.0,4.0,0,0,0.00017309188842773438,0,0.036
211,24.0,35.2,0.0,4.0,0.0,1.0,0,0,0.00017309188842773438,0,0.036
212,24.0,33.0,0.0,4.0,0.0,1.0,2,0,0.0001709461212158203,0,0.036
213,24.8,31.2,0.0,4.0,0.0,1.0,2,0,0.00017404556274414062,0,0.036
214,24.4,32.4,11.0,1.0,1.0,1.0,2,0,0.00016188621520996094,0,0.036
215,24.6,32.5,0.0,4.0,0.0,1.0,2,0,0.0001621246337890625,0,0.036
216,24.0,31.6,14.3,1.0,1.0,1.0,2,0,0.0001709461212158203,0,0.036
217,24.4,34.4,0.0,4.0,0.0,1.0,2,0,0.00016379356384277344,0,0.036
218,25.0,33.4,0.0,4.0,0.0,1.0,0,0,0.00016808509826660156,0,0.036
219,23.2,34.2,0.0,4.0,0.0,1.0,2,0,0.00015807151794433594,0,0.036
220,23.4,32.5,24.6,3.0,2.0,1.0,2,0,0.0001590251922607422,0,0.036
221,22.8,33.3,0.0,4.0,0.0,1.0,2,0,0.0001690387725830078,0,0.036
222,23.2,33.4,0.0,4.0,0.0,1.0,2,0,0.0001690387725830078,0,0.036
223,23.8,33.4,0.0,4.0,0.0,1.0,0,0,0.0001647472381591797,0,0.036
224,23.1,33.1,0.0,4.0,0.0,1.0,2,0,0.0001590251922607422,0,0.036
225,23.4,33.4,0.0,4.0,0.0,1.0,2,0,0.0001709461212158203,0,0.036
226,23.8,32.6,0.0,4.0,0.0,1.0,2,0,0.00015997886657714844,0,0.036
227,23.8,33.3,0.0,4.0,0.0,1.0,2,0,0.00015783309936523438,0,0.036
228,24.0,31.4,0.0,4.0,0.0,1.0,2,0,0.0001609325408935547,0,0.036
229,23.4,32.9,1.0,1.0,1.0,1.0,2,0,0.00015878677368164062,0,0.036
230,23.2,33.4,0.0,4.0,0.0,1.0,2,0,0.00015926361083984375,0,0.036
231,23.2,32.9,0.0,4.0,0.0,4.0,2,0,0.0001590251922607422,0,0.036
232,23.6,33.0,0.0,4.0,0.0,1.0,2,0,0.0001709461212158203,0,0.036
233,23.6,30.0,0.0,4.0,0.0,1.0,2,0,0.00016689300537109375,0,0.036
234,23.4,32.1,10.5,1.0,1.0,1.0,2,0,0.00016999244689941406,0,0.036
235,24.0,32.4,0.0,4.0,0.0,1.0,2,0,0.00015783309936523438,0,0.036
236,23.2,32.7,0.4,1.0,1.0,1.0,2,0,0.0001590251922607422,0,0.036
237,23.4,32.7,0.5,1.0,1.0,1.0,2,0,0.0001621246337890625,0,0.036
238,24.2,32.0,0.0,4.0,0.0,1.0,2,0,0.00016021728515625,0,0.036
239,22.2,32.2,22.1,3.0,2.0,1.0,2,0,0.0001590251922607422,0,0.036
240,22.4,32.9,0.0,4.0,0.0,1.0,2,0,0.0001590251922607422,0,0.036
241,24.4,32.4,0.2,1.0,1.0,1.0,2,0,0.00016880035400390625,0,0.036
242,24.0,33.1,0.0,4.0,0.0,4.0,2,0,0.0001690387725830078,0,0.036
243,23.8,34.0,0.0,4.0,0.0,4.0,2,0,0.00016999244689941406,0,0.036
244,24.0,33.6,0.0,4.0,0.0,4.0,0,0,0.0001590251922607422,0,0.036
245,24.6,32.5,0.0,4.0,0.0,4.0,0,0,0.00015807151794433594,0,0.036
246,24.0,33.0,0.0,4.0,0.0,1.0,2,0,0.00017309188842773438,0,0.036
247,23.0,33.0,0.0,4.0,0.0,1.0,2,0,0.0001609325408935547,0,0.036
248,22.8,33.2,0.0,4.0,0.0,1.0,2,0,0.00016617774963378906,0,0.036
249,23.2,33.4,0.0,4.0,0.0,4.0,2,0,0.0001609325408935547,0,0.036
250,22.8,34.4,0.0,4.0,0.0,4.0,0,0,0.0001652240753173828,0,0.036
251,24.2,33.8,0.0,4.0,0.0,5.0,2,0,0.000164031982421875,0,0.036
252,23.6,33.0,0.0,4.0,0.0,1.0,2,0,0.00015997886657714844,0,0.036
253,23.8,33.6,0.0,4.0,0.0,4.0,0,0,0.00015997886657714844,0,0.036
254,24.8,32.6,0.0,4.0,0.0,4.0,2,0,0.00016188621520996094,0,0.036
255,23.7,33.0,0.0,4.0,0.0,4.0,2,0,0.00015997886657714844,0,0.036
256,24.0,31.0,0.0,4.0,0.0,1.0,2,0,0.0001590251922607422,0,0.036
257,23.4,33.2,0.9,1.0,1.0,1.0,2,0,0.00015997886657714844,0,0.036
258,23.6,34.4,1.2,1.0,1.0,1.0,2,0,0.0001609325408935547,0,0.036
259,24.2,32.8,0.5,1.0,1.0,1.0,2,0,0.0001590251922607422,0,0.036
260,23.0,33.4,0.0,4.0,0.0,1.0,2,0,0.00015783309936523438,0,0.036
261,23.4,33.1,0.0,4.0,0.0,0.0,2,0,0.0001590251922607422,0,0.036
262,24.0,34.0,0.0,4.0,0.0,4.0,2,0,0.0001609325408935547,0,0.036
263,23.6,33.2,0.0,4.0,0.0,4.0,2,0,0.00015997886657714844,0,0.036
264,23.0,34.4,0.0,4.0,0.0,4.0,2,0,0.0001609325408935547,0,0.036
265,23.0,31.8,0.0,4.0,0.0,1.0,2,0,0.00016117095947265625,0,0.036
266,24.2,34.4,0.6,1.0,1.0,1.0,0,0,0.0001590251922607422,0,0.036
267,24.6,32.8,0.0,4.0,0.0,4.0,2,0,0.00016307830810546875,0,0.036
268,23.4,33.8,0.0,4.0,0.0,4.0,2,0,0.0001628398895263672,0,0.036
269,23.8,34.0,0.0,4.0,0.0,4.0,0,0,0.0001659393310546875,0,0.036
270,21.6,33.4,0.0,4.0,0.0,4.0,2,0,0.00016164779663085938,0,0.036
271,22.0,32.8,0.0,4.0,0.0,4.0,2,0,0.0001590251922607422,0,0.036
272,23.6,32.6,0.0,4.0,0.0,4.0,2,0,0.00016307830810546875,0,0.036
273,20.8,33.6,0.0,4.0,0.0,4.0,2,0,0.00016307830810546875,0,0.036
274,21.0,33.8,0.0,4.0,0.0,1.0,2,0,0.00018095970153808594,0,0.036
275,23.0,33.6,0.0,4.0,0.0,1.0,2,0,0.00015997886657714844,0,0.036
276,22.4,33.4,0.0,4.0,0.0,1.0,2,0,0.0001690387725830078,0,0.036
277,22.8,34.1,0.0,4.0,0.0,4.0,2,0,0.00016188621520996094,0,0.036
278,23.4,34.2,0.0,4.0,0.0,4.0,0,0,0.0001628398895263672,0,0.036
279,23.0,33.4,0.0,4.0,0.0,1.0,2,0,0.00016307830810546875,0,0.036
280,22.6,34.8,0.0,4.0,0.0,1.0,2,0,0.0001609325408935547,0,0.036
281,23.0,33.4,0.0,4.0,0.0,2.0,2,0,0.000164031982421875,0,0.036
282,24.0,34.5,0.0,4.0,0.0,1.0,0,0,0.0001621246337890625,0,0.036
283,23.6,34.4,0.0,4.0,0.0,4.0,0,0,0.0001590251922607422,0,0.036
284,23.8,33.4,0.0,4.0,0.0,4.0,2,0,0.00015807151794433594,0,0.036
285,21.0,33.8,0.0,4.0,0.0,4.0,2,0,0.00015997886657714844,0,0.036
286,20.2,32.9,0.0,4.0,0.0,1.0,2,0,0.0001609325408935547,0,0.036
287,23.0,33.8,0.0,4.0,0.0,4.0,2,0,0.0001628398895263672,0,0.036
288,23.2,33.6,0.0,4.0,0.0,5.0,0,0,0.00015997886657714844,0,0.036
289,23.4,34.4,0.0,4.0,0.0,5.0,0,0,0.00016689300537109375,0,0.036
290,23.8,35.4,0.0,4.0,0.0,1.0,0,0,0.0001609325408935547,0,0.036
291,22.2,34.0,0.0,4.0,0.0,4.0,2,0,0.0001609325408935547,0,0.036
292,22.8,34.8,0.0,4.0,0.0,4.0,2,0,0.0001621246337890625,0,0.036
293,23.8,34.6,0.0,4.0,0.0,4.0,0,0,0.00016117095947265625,0,0.036
294,23.8,33.8,0.0,4.0,0.0,1.0,2,0,0.0001590251922607422,0,0.036
295,22.2,34.1,0.0,4.0,0.0,4.0,2,0,0.0001628398895263672,0,0.036
296,24.0,34.8,0.0,4.0,0.0,0.0,2,0,0.0001690387725830078,0,0.036
297,24.1,34.2,0.0,4.0,0.0,0.0,0,0,0.00016307830810546875,0,0.036
298,24.4,34.7,0.0,4.0,0.0,0.0,0,0,0.00016307830810546875,0,0.036
299,23.0,34.0,20.0,3.0,2.0,1.0,2,0,0.0001609325408935547,0,0.036
300,23.2,33.6,0.0,4.0,0.0,4.0,2,0,0.00016117095947265625,0,0.036
301,22.7,33.9,0.0,4.0,0.0,1.0,2,0,0.0001609325408935547,0,0.036
302,21.4,34.4,0.0,4.0,0.0,0.0,2,0,0.0001621246337890625,0,0.036
303,22.3,34.0,0.0,4.0,0.0,4.0,0,0,0.0001609325408935547,0,0.036
304,23.4,35.2,0.0,4.0,0.0,4.0,0,0,0.000164031982421875,0,0.036
305,24.0,35.0,0.0,4.0,0.0,1.0,0,0,0.00015997886657714844,0,0.036
306,25.0,34.6,0.0,4.0,0.0,0.0,0,0,0.0001671314239501953,0,0.036
307,23.6,34.4,0.0,4.0,0.0,1.0,2,0,0.00016307830810546875,0,0.036
308,24.4,35.0,0.0,4.0,0.0,4.0,0,0,0.0001621246337890625,0,0.036
309,23.8,36.4,0.0,4.0,0.0,1.0,0,0,0.00016307830810546875,0,0.036
310,24.8,35.4,0.0,4.0,0.0,4.0,0,0,0.00015807151794433594,0,0.036
311,24.1,35.4,0.0,4.0,0.0,4.0,0,0,0.00015997886657714844,0,0.036
312,24.4,34.6,0.0,4.0,0.0,4.0,0,0,0.0001609325408935547,0,0.036
313,23.2,36.0,0.0,4.0,0.0,1.0,0,0,0.0001609325408935547,0,0.036
314,25.0,35.4,0.0,4.0,0.0,4.0,0,0,0.00016498565673828125,0,0.036
315,24.8,36.2,0.0,4.0,0.0,4.0,0,0,0.0001652240753173828,0,0.036
316,25.4,36.0,0.0,4.0,0.0,4.0,0,0,0.00015997886657714844,0,0.036
317,26.4,37.5,0.0,4.0,0.0,1.0,0,0,0.00016188621520996094,0,0.036
318,24.8,36.4,0.0,4.0,0.0,0.0,0,0,0.00016117095947265625,0,0.036
319,23.2,35.3,0.0,4.0,0.0,4.0,0,0,0.00016188621520996094,0,0.036
320,23.4,35.6,0.0,4.0,0.0,4.0,0,0,0.0001609325408935547,0,0.036
321,24.2,34.4,0.0,4.0,0.0,1.0,0,0,0.00016379356384277344,0,0.036
322,22.0,36.6,0.0,4.0,0.0,4.0,0,0,0.0001590251922607422,0,0.036
323,23.6,36.4,0.0,4.0,0.0,4.0,0,0,0.0001609325408935547,0,0.036
324,25.0,30.4,0.0,4.0,0.0,1.0,2,0,0.00015926361083984375,0,0.036
325,23.3,34.2,8.3,1.0,1.0,1.0,0,0,0.00017189979553222656,0,0.036
326,25.2,35.4,0.0,4.0,0.0,2.0,0,0,0.00015997886657714844,0,0.036
327,25.2,29.4,0.5,1.0,1.0,1.0,2,0,0.0001590251922607422,0,0.036
328,22.8,34.0,24.9,3.0,2.0,1.0,0,0,0.0001609325408935547,0,0.036
329,24.6,34.0,0.0,4.0,0.0,1.0,0,0,0.00015997886657714844,0,0.036
330,24.8,34.7,0.0,4.0,0.0,1.0,0,0,0.0001621246337890625,0,0.036
331,25.4,33.2,0.0,4.0,0.0,1.0,0,0,0.0001609325408935547,0,0.036
332,23.9,34.2,0.0,4.0,0.0,1.0,0,0,0.00015926361083984375,0,0.036
333,24.4,34.7,0.0,4.0,0.0,1.0,0,0,0.0001590251922607422,0,0.036
334,23.8,35.0,12.0,1.0,1.0,1.0,0,0,0.00015926361083984375,0,0.036
335,25.0,35.2,0.0,4.0,0.0,1.0,0,0,0.00015783309936523438,0,0.036
336,25.0,36.0,0.0,4.0,0.0,1.0,0,0,0.0001609325408935547,0,0.036
337,24.0,35.2,36.5,3.0,2.0,1.0,0,0,0.0001590251922607422,0,0.036
338,24.5,35.4,0.0,4.0,0.0,1.0,0,0,0.0001609325408935547,0,0.036
339,24.8,35.2,5.7,1.0,1.0,1.0,0,0,0.00015997886657714844,0,0.036
340,25.0,35.4,0.0,4.0,0.0,1.0,0,0,0.0001590251922607422,0,0.036
341,24.8,35.2,1.0,1.0,1.0,1.0,2,0,0.00015997886657714844,0,0.036
342,24.0,35.2,29.0,3.0,2.0,4.0,0,0,0.0001609325408935547,0,0.036
343,26.0,35.1,0.0,4.0,0.0,1.0,0,0,0.0001571178436279297,0,0.036
344,25.8,34.2,0.2,1.0,1.0,1.0,2,0,0.00015807151794433594,0,0.036
345,24.4,32.6,1.3,1.0,1.0,1.0,2,0,0.0001628398895263672,0,0.036
346,25.1,35.2,0.0,4.0,0.0,4.0,0,0,0.0001609325408935547,0,0.036
347,24.6,36.0,0.3,1.0,1.0,1.0,0,0,0.00016689300537109375,0,0.036
348,23.5,36.0,20.2,3.0,2.0,1.0,0,0,0.00017189979553222656,0,0.036
349,24.0,35.6,2.0,1.0,1.0,7.0,0,0,0.00017118453979492188,0,0.036
350,23.2,35.2,58.0,0.0,3.0,1.0,2,0,0.0001709461212158203,0,0.036
351,23.7,34.2,23.2,3.0,2.0,1.0,0,0,0.0001690387725830078,0,0.036
352,24.8,33.6,9.3,1.0,1.0,1.0,2,0,0.0001690387725830078,0,0.036
353,23.4,33.4,21.0,3.0,2.0,1.0,2,0,0.00017118453979492188,0,0.036
354,25.2,33.6,0.0,4.0,0.0,1.0,0,0,0.00017499923706054688,0,0.036
355,25.0,35.2,0.0,4.0,0.0,1.0,0,0,0.00017714500427246094,0,0.036
356,25.0,34.8,2.0,1.0,1.0,1.0,0,0,0.00017404556274414062,0,0.036
357,25.0,35.0,0.0,4.0,0.0,0.0,0,0,0.0001709461212158203,0,0.036
358,25.2,33.1,3.7,1.0,1.0,1.0,2,0,0.00016927719116210938,0,0.036
359,23.6,34.2,7.0,1.0,1.0,1.0,2,0,0.00017118453979492188,0,0.036
360,23.8,33.4,75.0,0.0,3.0,1.0,2,2,0.00015807151794433594,2,0.036
361,24.4,34.4,0.0,4.0,0.0,1.0,2,0,0.00015997886657714844,0,0.036
362,23.9,34.7,26.1,3.0,2.0,1.0,2,0,0.0001690387725830078,0,0.036
363,23.2,32.8,40.3,3.0,2.0,1.0,2,0,0.0001609325408935547,0,0.036
364,24.6,34.0,2.0,1.0,1.0,1.0,2,0,0.0001609325408935547,0,0.036
365,24.2,33.2,14.8,1.0,1.0,1.0,2,0,0.00017309188842773438,0,0.036
366,25.0,32.8,3.5,1.0,1.0,1.0,2,0,0.00017213821411132812,0,0.036
367,24.0,33.1,10.5,1.0,1.0,1.0,0,0,0.0001709461212158203,0,0.036
368,24.4,34.2,40.8,3.0,2.0,1.0,2,0,0.0001709461212158203,0,0.036
369,24.4,33.6,64.1,0.0,3.0,1.0,2,0,0.0001690387725830078,0,0.036
370,24.6,32.8,3.8,1.0,1.0,1.0,2,0,0.00017213821411132812,0,0.036
371,24.2,31.2,7.5,1.0,1.0,1.0,2,0,0.00016832351684570312,0,0.036
372,24.4,32.6,5.4,1.0,1.0,1.0,0,0,0.00016999244689941406,0,0.036
373,25.0,34.2,1.0,1.0,1.0,1.0,0,0,0.0001690387725830078,0,0.036
374,25.4,28.1,4.1,1.0,1.0,1.0,2,0,0.0001690387725830078,0,0.036
375,24.5,32.4,0.0,4.0,0.0,1.0,2,0,0.00015997886657714844,0,0.036
376,23.2,34.2,0.0,4.0,0.0,1.0,2,0,0.0001761913299560547,0,0.036
377,24.6,35.0,0.0,4.0,0.0,1.0,2,0,0.0001690387725830078,0,0.036
378,24.9,35.3,0.0,4.0,0.0,1.0,2,0,0.00016880035400390625,0,0.036
379,25.2,34.2,0.0,4.0,0.0,1.0,2,0,0.00016999244689941406,0,0.036
380,25.0,30.0,0.0,4.0,0.0,1.0,2,0,0.00017309188842773438,0,0.036
381,25.0,30.2,0.0,4.0,0.0,1.0,2,0,0.00016880035400390625,0,0.036
382,24.2,30.2,2.8,1.0,1.0,1.0,2,0,0.00015997886657714844,0,0.036
383,22.8,32.2,24.9,3.0,2.0,1.0,2,0,0.0001609325408935547,0,0.036
384,23.0,30.5,4.9,1.0,1.0,1.0,2,0,0.00017595291137695312,0,0.036
385,23.4,32.1,2.5,1.0,1.0,7.0,2,0,0.0001609325408935547,0,0.036
386,24.2,29.6,6.8,1.0,1.0,1.0,2,0,0.00015997886657714844,0,0.036
387,23.0,31.8,12.3,1.0,1.0,1.0,2,0,0.0001652240753173828,0,0.036
388,23.2,32.4,0.0,4.0,0.0,1.0,2,0,0.000164031982421875,0,0.036
389,23.6,34.0,0.4,1.0,1.0,1.0,2,0,0.00016188621520996094,0,0.036
390,24.0,33.0,0.0,4.0,0.0,1.0,0,0,0.0001590251922607422,0,0.036
391,24.4,34.7,0.0,4.0,0.0,1.0,0,0,0.00016188621520996094,0,0.036
392,25.0,33.0,0.0,4.0,0.0,1.0,2,0,0.00016307830810546875,0,0.036
393,25.0,32.3,0.0,4.0,0.0,1.0,2,0,0.00016117095947265625,0,0.036
394,25.6,32.0,0.0,4.0,0.0,1.0,2,0,0.0001609325408935547,0,0.036
395,25.0,32.3,0.0,4.0,0.0,1.0,0,0,0.00015687942504882812,0,0.036
396,25.0,32.8,0.0,4.0,0.0,1.0,2,0,0.00016164779663085938,0,0.036
397,23.4,33.2,67.0,0.0,3.0,1.0,2,2,0.00016498565673828125,2,0.036
398,23.2,32.8,39.3,3.0,2.0,1.0,0,0,0.0001659393310546875,0,0.036
399,24.0,33.8,0.0,4.0,0.0,1.0,2,0,0.00016260147094726562,0,0.036
400,24.0,32.8,23.9,3.0,2.0,1.0,2,0,0.0001621246337890625,0,0.036
401,24.1,32.6,23.0,3.0,2.0,1.0,2,0,0.00015878677368164062,0,0.036
402,23.9,31.4,21.4,3.0,2.0,1.0,2,0,0.00015807151794433594,0,0.036
403,24.4,33.2,0.5,1.0,1.0,1.0,0,0,0.0001590251922607422,0,0.036
404,25.2,32.0,0.0,4.0,0.0,1.0,0,0,0.0001919269561767578,0,0.036
405,24.4,33.7,0.0,4.0,0.0,1.0,2,0,0.0001609325408935547,0,0.036
406,23.6,32.2,39.1,3.0,2.0,1.0,2,0,0.0001609325408935547,0,0.036
407,23.8,31.8,0.0,4.0,0.0,7.0,2,0,0.00015997886657714844,0,0.036
408,24.8,30.1,0.0,4.0,0.0,7.0,2,0,0.00016117095947265625,0,0.036
409,23.4,30.7,0.0,4.0,0.0,7.0,2,0,0.0001652240753173828,0,0.036
410,23.2,30.6,0.1,1.0,1.0,1.0,2,0,0.0001609325408935547,0,0.036
411,24.2,32.0,0.0,4.0,0.0,1.0,2,0,0.0001621246337890625,0,0.036
412,24.0,32.6,0.0,4.0,0.0,1.0,2,0,0.0001659393310546875,0,0.036
413,24.2,30.6,0.0,4.0,0.0,1.0,2,0,0.0001647472381591797,0,0.036
414,24.0,31.6,0.3,1.0,1.0,1.0,2,0,0.00015997886657714844,0,0.036
415,23.9,31.7,0.0,4.0,0.0,7.0,2,0,0.00015687942504882812,0,0.036
416,24.4,32.6,0.0,4.0,0.0,1.0,2,0,0.00016021728515625,0,0.036
417,24.2,30.4,13.0,1.0,1.0,1.0,2,0,0.0001621246337890625,0,0.036
418,23.2,33.4,0.0,4.0,0.0,1.0,2,0,0.00016379356384277344,0,0.036
419,23.8,33.1,0.1,1.0,1.0,1.0,2,0,0.0001590251922607422,0,0.036
420,24.0,33.0,0.0,4.0,0.0,1.0,2,0,0.00016498565673828125,0,0.036
421,24.7,32.6,0.0,4.0,0.0,1.0,2,0,0.00015997886657714844,0,0.036
422,24.0,32.1,0.1,1.0,1.0,7.0,2,0,0.0001571178436279297,0,0.036
423,24.2,30.1,0.0,4.0,0.0,7.0,2,0,0.0001590251922607422,0,0.036
424,23.4,33.4,0.0,4.0,0.0,1.0,2,0,0.0001590251922607422,0,0.036
425,23.6,32.0,0.1,1.0,1.0,3.0,2,0,0.00016427040100097656,0,0.036
426,24.2,31.9,0.8,1.0,1.0,1.0,2,0,0.00016188621520996094,0,0.036
427,24.6,32.7,3.5,1.0,1.0,1.0,2,0,0.000164031982421875,0,0.036
428,23.5,33.6,0.1,1.0,1.0,1.0,2,0,0.00015997886657714844,0,0.036
429,22.2,29.0,1.0,1.0,1.0,1.0,2,0,0.0001590251922607422,0,0.036
430,24.4,29.2,17.5,1.0,1.0,1.0,2,0,0.0001621246337890625,0,0.036
431,24.1,27.2,7.0,1.0,1.0,1.0,2,0,0.00015997886657714844,0,0.036
432,23.2,29.5,13.5,1.0,1.0,1.0,2,0,0.0001590251922607422,0,0.036
433,22.8,31.0,3.6,1.0,1.0,1.0,2,0,0.00016164779663085938,0,0.036
434,23.2,30.4,0.0,4.0,0.0,1.0,2,0,0.00015997886657714844,0,0.036
435,23.6,32.4,0.0,4.0,0.0,1.0,2,0,0.00016117095947265625,0,0.036
436,24.0,32.4,27.7,3.0,2.0,1.0,2,0,0.00016021728515625,0,0.036
437,23.4,31.6,13.6,1.0,1.0,1.0,2,0,0.0001621246337890625,0,0.036
438,24.2,29.2,0.5,1.0,1.0,1.0,2,0,0.0001621246337890625,0,0.036
439,24.0,31.1,10.0,1.0,1.0,1.0,2,0,0.0001590251922607422,0,0.036
440,24.2,32.0,0.0,4.0,0.0,1.0,2,0,0.0001621246337890625,0,0.036
441,23.8,30.2,10.5,1.0,1.0,1.0,2,0,0.00016188621520996094,0,0.036
442,23.3,32.4,0.5,1.0,1.0,1.0,2,0,0.00016069412231445312,0,0.036
443,23.0,32.6,0.0,4.0,0.0,7.0,2,0,0.000164031982421875,0,0.036
444,23.0,33.2,0.0,4.0,0.0,7.0,2,0,0.0001590251922607422,0,0.036
445,23.6,32.4,43.5,3.0,2.0,1.0,2,0,0.00016164779663085938,0,0.036
446,19.0,32.4,49.8,3.0,2.0,1.0,2,0,0.00016379356384277344,0,0.036
447,23.6,32.8,99.4,0.0,3.0,1.0,2,2,0.00016498565673828125,2,0.036
448,22.4,32.8,39.5,3.0,2.0,1.0,2,0,0.0001590251922607422,0,0.036
449,23.6,32.0,66.1,0.0,3.0,1.0,2,2,0.00016808509826660156,2,0.036
450,23.8,32.4,2.3,1.0,1.0,1.0,2,0,0.00015997886657714844,0,0.036
451,24.0,33.4,8.8,1.0,1.0,1.0,2,0,0.0001609325408935547,0,0.036
452,22.8,32.2,69.7,0.0,3.0,1.0,2,2,0.0001609325408935547,2,0.036
453,23.2,32.8,4.7,1.0,1.0,1.0,2,0,0.00016188621520996094,0,0.036
454,23.8,31.0,2.7,1.0,1.0,1.0,2,0,0.00016307830810546875,0,0.036
455,23.4,32.5,24.9,3.0,2.0,1.0,2,0,0.0001621246337890625,0,0.036
456,23.1,33.6,21.4,3.0,2.0,1.0,2,0,0.0001571178436279297,0,0.036
457,24.9,34.0,1.5,1.0,1.0,1.0,0,0,0.00015997886657714844,0,0.036
458,24.4,32.2,1.5,1.0,1.0,1.0,2,0,0.0001659393310546875,0,0.036
459,24.2,31.6,4.0,1.0,1.0,1.0,2,0,0.00016117095947265625,0,0.036
460,23.4,33.4,45.3,3.0,2.0,1.0,2,0,0.0001609325408935547,0,0.036
461,23.6,33.6,0.2,1.0,1.0,1.0,2,0,0.0001590251922607422,0,0.036
462,23.5,33.0,28.1,3.0,2.0,1.0,2,0,0.0001590251922607422,0,0.036
463,24.2,32.0,27.8,3.0,2.0,1.0,2,0,0.00016117095947265625,0,0.036
464,24.2,31.2,41.9,3.0,2.0,1.0,2,0,0.00016188621520996094,0,0.036
465,24.4,31.2,55.0,0.0,3.0,1.0,2,0,0.0001609325408935547,0,0.036
466,22.2,34.0,0.0,4.0,0.0,1.0,2,0,0.0001621246337890625,0,0.036
467,23.4,33.4,56.0,0.0,3.0,1.0,2,0,0.0001609325408935547,0,0.036
468,24.0,34.0,10.4,1.0,1.0,1.0,2,0,0.00015997886657714844,0,0.036
469,24.4,29.0,28.7,3.0,2.0,1.0,2,0,0.0001659393310546875,0,0.036
470,22.0,33.0,20.4,3.0,2.0,1.0,2,0,0.00016379356384277344,0,0.036
471,22.6,34.0,0.0,4.0,0.0,1.0,2,0,0.00016069412231445312,0,0.036
472,24.4,34.6,13.4,1.0,1.0,1.0,2,0,0.00016427040100097656,0,0.036
473,23.6,31.8,68.4,0.0,3.0,1.0,2,2,0.00016117095947265625,2,0.036
474,23.8,32.8,0.0,4.0,0.0,1.0,2,0,0.0001609325408935547,0,0.036
475,23.1,33.6,1.5,1.0,1.0,1.0,2,0,0.00016069412231445312,0,0.036
476,23.2,32.6,37.0,3.0,2.0,1.0,2,0,0.0001621246337890625,0,0.036
477,23.6,33.0,36.0,3.0,2.0,1.0,2,0,0.0001609325408935547,0,0.036
478,23.0,31.8,16.4,1.0,1.0,1.0,2,0,0.00016617774963378906,0,0.036
479,23.6,34.6,31.0,3.0,2.0,1.0,2,0,0.00015997886657714844,0,0.036
480,23.6,34.8,12.5,1.0,1.0,1.0,0,0,0.0001647472381591797,0,0.036
481,23.4,34.7,0.0,4.0,0.0,1.0,2,0,0.0001609325408935547,0,0.036
482,24.0,33.8,8.7,1.0,1.0,1.0,2,0,0.00015878677368164062,0,0.036
483,23.8,33.4,20.2,3.0,2.0,1.0,2,0,0.0001583099365234375,0,0.036
484,24.9,33.0,0.0,4.0,0.0,1.0,2,0,0.00015783309936523438,0,0.036
485,23.4,33.7,10.4,1.0,1.0,1.0,2,0,0.00016379356384277344,0,0.036
486,23.6,34.4,43.4,3.0,2.0,1.0,2,0,0.0001628398895263672,0,0.036
487,23.8,33.7,0.2,1.0,1.0,1.0,2,0,0.00016307830810546875,0,0.036
488,23.2,33.7,29.5,3.0,2.0,1.0,2,0,0.00015997886657714844,0,0.036
489,23.4,33.5,0.0,4.0,0.0,0.0,0,0,0.0001609325408935547,0,0.036
490,23.8,31.0,17.2,1.0,1.0,1.0,2,0,0.00015783309936523438,0,0.036
491,23.8,33.1,0.4,1.0,1.0,1.0,2,0,0.0001652240753173828,0,0.036
492,23.8,33.8,0.0,4.0,0.0,0.0,2,0,0.00016117095947265625,0,0.036
493,24.0,34.0,0.0,4.0,0.0,1.0,0,0,0.0001609325408935547,0,0.036
494,24.8,32.2,0.0,4.0,0.0,1.0,2,0,0.00015997886657714844,0,0.036
495,24.4,34.7,0.2,1.0,1.0,1.0,0,0,0.00016307830810546875,0,0.036
496,25.0,33.6,0.0,4.0,0.0,1.0,0,0,0.00015997886657714844,0,0.036
497,25.6,35.0,0.0,4.0,0.0,1.0,0,0,0.00015997886657714844,0,0.036
498,24.8,34.4,0.0,4.0,0.0,1.0,0,0,0.0001652240753173828,0,0.036
499,25.3,34.0,0.0,4.0,0.0,1.0,0,0,0.0001590251922607422,0,0.036
500,24.2,33.6,0.5,1.0,1.0,1.0,2,0,0.00016379356384277344,0,0.036
501,24.6,33.0,14.2,1.0,1.0,1.0,2,0,0.00015807151794433594,0,0.036
502,24.2,32.8,0.2,1.0,1.0,1.0,2,0,0.00016307830810546875,0,0.036
503,23.8,34.0,0.5,1.0,1.0,1.0,0,0,0.00016498565673828125,0,0.036
504,24.9,31.6,2.0,1.0,1.0,1.0,2,0,0.00016117095947265625,0,0.036
505,23.0,31.0,58.0,0.0,3.0,1.0,2,0,0.00015997886657714844,0,0.036
506,23.4,32.4,11.4,1.0,1.0,1.0,2,0,0.000164031982421875,0,0.036
507,24.4,33.4,0.0,4.0,0.0,1.0,0,0,0.00015997886657714844,0,0.036
508,23.8,34.0,0.0,4.0,0.0,1.0,2,0,0.0001590251922607422,0,0.036
509,23.0,34.4,0.0,4.0,0.0,1.0,2,0,0.00015997886657714844,0,0.036
510,23.4,33.6,0.0,4.0,0.0,1.0,0,0,0.00018095970153808594,0,0.036
511,22.6,34.8,0.0,4.0,0.0,1.0,2,0,0.00017070770263671875,0,0.036
512,23.0,34.8,0.0,4.0,0.0,1.0,0,0,0.00017309188842773438,0,0.036
513,24.2,34.0,0.0,4.0,0.0,1.0,0,0,0.00016117095947265625,0,0.036
514,23.8,33.4,0.0,4.0,0.0,1.0,2,0,0.0001590251922607422,0,0.036
515,23.4,33.4,0.0,4.0,0.0,1.0,2,0,0.0001590251922607422,0,0.036
516,23.8,35.0,0.0,4.0,0.0,1.0,0,0,0.00016999244689941406,0,0.036
517,23.6,35.0,0.0,4.0,0.0,1.0,2,0,0.00016999244689941406,0,0.036
518,23.2,31.6,0.0,4.0,0.0,0.0,2,0,0.00016832351684570312,0,0.036
519,23.2,33.2,0.0,4.0,0.0,1.0,2,0,0.00016880035400390625,0,0.036
520,22.0,34.6,0.0,4.0,0.0,0.0,2,0,0.00016689300537109375,0,0.036
521,22.4,34.6,0.0,4.0,0.0,1.0,0,0,0.0001690387725830078,0,0.036
522,23.4,34.8,0.0,4.0,0.0,1.0,0,0,0.0001709461212158203,0,0.036
523,23.6,34.2,0.0,4.0,0.0,1.0,2,0,0.00016999244689941406,0,0.036
524,24.0,33.2,0.0,4.0,0.0,1.0,0,0,0.00017213821411132812,0,0.036
525,24.8,34.2,0.0,4.0,0.0,1.0,0,0,0.0001690387725830078,0,0.036
526,24.2,33.6,0.0,4.0,0.0,1.0,2,0,0.00016999244689941406,0,0.036
527,24.0,32.4,5.8,1.0,1.0,1.0,2,0,0.0001690387725830078,0,0.036
528,24.4,34.0,2.5,1.0,1.0,1.0,0,0,0.00016999244689941406,0,0.036
529,24.8,34.0,0.0,4.0,0.0,0.0,0,0,0.00016880035400390625,0,0.036
530,25.0,33.2,16.2,1.0,1.0,0.0,0,0,0.0001609325408935547,0,0.036
531,24.6,31.2,17.2,1.0,1.0,1.0,2,0,0.00016999244689941406,0,0.036
532,23.8,32.6,55.0,0.0,3.0,1.0,2,0,0.0001609325408935547,0,0.036
533,24.2,33.0,0.0,4.0,0.0,4.0,2,0,0.00015783309936523438,0,0.036
534,24.6,34.0,0.0,4.0,0.0,4.0,0,0,0.0001571178436279297,0,0.036
535,23.4,35.0,0.0,4.0,0.0,1.0,2,0,0.00017213821411132812,0,0.036
536,23.4,33.0,0.0,4.0,0.0,1.0,2,0,0.0001690387725830078,0,0.036
537,23.6,33.6,0.0,4.0,0.0,1.0,2,0,0.00016021728515625,0,0.036
538,23.8,34.0,0.0,4.0,0.0,0.0,2,0,0.00016021728515625,0,0.036
539,23.6,33.6,0.0,4.0,0.0,1.0,2,0,0.00015997886657714844,0,0.036
540,23.8,34.0,0.0,4.0,0.0,1.0,2,0,0.0001590251922607422,0,0.036
541,23.4,33.4,0.0,4.0,0.0,1.0,2,0,0.0001709461212158203,0,0.036
542,24.0,33.2,0.0,4.0,0.0,1.0,2,0,0.00016927719116210938,0,0.036
543,24.6,34.6,0.0,4.0,0.0,4.0,0,0,0.0001678466796875,0,0.036
544,24.4,34.2,0.0,4.0,0.0,1.0,0,0,0.00015783309936523438,0,0.036
545,23.8,35.0,0.0,4.0,0.0,1.0,0,0,0.00015807151794433594,0,0.036
546,23.8,34.3,0.0,4.0,0.0,4.0,2,0,0.00016379356384277344,0,0.036
547,24.0,33.7,0.0,4.0,0.0,4.0,2,0,0.0001590251922607422,0,0.036
548,23.8,32.6,0.0,4.0,0.0,1.0,2,0,0.0001590251922607422,0,0.036
549,23.4,33.2,0.0,4.0,0.0,1.0,2,0,0.0001590251922607422,0,0.036
550,23.8,33.6,0.0,4.0,0.0,0.0,2,0,0.0001590251922607422,0,0.036
551,23.4,33.0,0.0,4.0,0.0,1.0,2,0,0.00016689300537109375,0,0.036
552,23.4,34.0,0.0,4.0,0.0,1.0,0,0,0.0001609325408935547,0,0.036
553,25.0,34.0,0.0,4.0,0.0,1.0,0,0,0.0001590251922607422,0,0.036
554,24.2,32.8,0.0,4.0,0.0,1.0,2,0,0.00016498565673828125,0,0.036
555,23.6,33.8,0.0,4.0,0.0,1.0,2,0,0.0001671314239501953,0,0.036
556,23.4,33.4,0.0,4.0,0.0,1.0,2,0,0.00016379356384277344,0,0.036
557,23.6,25.8,0.0,4.0,0.0,1.0,2,0,0.00015997886657714844,0,0.036
558,21.4,31.1,16.2,1.0,1.0,1.0,2,0,0.0001621246337890625,0,0.036
559,22.0,32.6,16.0,1.0,1.0,4.0,2,0,0.0001952648162841797,0,0.036
560,22.6,33.0,0.0,4.0,0.0,4.0,0,0,0.00017976760864257812,0,0.036
561,24.6,33.0,0.0,4.0,0.0,4.0,2,0,0.0001690387725830078,0,0.036
562,23.8,33.2,0.0,4.0,0.0,4.0,2,0,0.0001690387725830078,0,0.036
563,20.6,32.8,0.0,4.0,0.0,1.0,2,0,0.00016021728515625,0,0.036
564,21.2,33.6,0.0,4.0,0.0,4.0,2,0,0.0001697540283203125,0,0.036
565,22.2,33.6,0.0,4.0,0.0,4.0,0,0,0.00016999244689941406,0,0.036
566,24.6,31.2,0.0,4.0,0.0,4.0,2,0,0.0001690387725830078,0,0.036
567,18.6,32.6,0.0,4.0,0.0,4.0,2,0,0.00016999244689941406,0,0.036
568,18.6,33.8,0.0,4.0,0.0,4.0,2,0,0.00015783309936523438,0,0.036
569,21.2,33.0,0.0,4.0,0.0,4.0,2,0,0.00015997886657714844,0,0.036
570,23.0,32.8,0.0,4.0,0.0,4.0,2,0,0.00016999244689941406,0,0.036
571,23.2,32.6,0.0,4.0,0.0,4.0,2,0,0.00015997886657714844,0,0.036
572,24.2,33.4,0.0,4.0,0.0,4.0,2,0,0.00016069412231445312,0,0.036
573,22.6,33.8,0.0,4.0,0.0,1.0,2,0,0.00015783309936523438,0,0.036
574,21.4,32.8,0.0,4.0,0.0,4.0,2,0,0.00016021728515625,0,0.036
575,23.0,33.4,0.0,4.0,0.0,4.0,2,0,0.00016808509826660156,0,0.036
576,23.6,33.0,0.0,4.0,0.0,4.0,2,0,0.0001709461212158203,0,0.036
577,24.0,32.6,0.0,4.0,0.0,4.0,2,0,0.0001709461212158203,0,0.036
578,21.6,33.2,0.0,4.0,0.0,1.0,2,0,0.00016999244689941406,0,0.036
579,22.2,34.0,0.0,4.0,0.0,1.0,2,0,0.00015997886657714844,0,0.036
580,22.2,32.8,0.0,4.0,0.0,1.0,2,0,0.0001590251922607422,0,0.036
581,22.2,33.0,0.0,4.0,0.0,0.0,2,0,0.0001628398895263672,0,0.036
582,23.2,34.0,0.0,4.0,0.0,1.0,2,0,0.00015878677368164062,0,0.036
583,23.8,35.2,0.0,4.0,0.0,1.0,2,0,0.00016427040100097656,0,0.036
584,23.6,34.4,0.0,4.0,0.0,4.0,2,0,0.0001590251922607422,0,0.036
585,23.4,33.6,0.0,4.0,0.0,1.0,2,0,0.0001628398895263672,0,0.036
586,22.2,34.2,0.0,4.0,0.0,1.0,2,0,0.00016307830810546875,0,0.036
587,21.4,34.0,0.0,4.0,0.0,1.0,2,0,0.00016188621520996094,0,0.036
588,18.2,34.8,0.0,4.0,0.0,1.0,2,0,0.0001590251922607422,0,0.036
589,18.0,33.6,0.0,4.0,0.0,4.0,2,0,0.0001590251922607422,0,0.036
590,18.2,33.0,0.0,4.0,0.0,1.0,2,0,0.0001590251922607422,0,0.036
591,20.0,33.6,0.0,4.0,0.0,1.0,2,0,0.00015997886657714844,0,0.036
592,21.4,34.0,0.0,4.0,0.0,1.0,2,0,0.00015807151794433594,0,0.036
593,22.2,34.0,0.0,4.0,0.0,4.0,2,0,0.00016188621520996094,0,0.036
594,23.4,34.0,0.0,4.0,0.0,4.0,0,0,0.0001659393310546875,0,0.036
595,20.4,31.4,0.0,4.0,0.0,4.0,2,0,0.00016117095947265625,0,0.036
596,21.0,33.0,0.0,4.0,0.0,4.0,2,0,0.0001590251922607422,0,0.036
597,21.0,32.6,0.0,4.0,0.0,4.0,2,0,0.00016379356384277344,0,0.036
598,23.0,33.0,0.0,4.0,0.0,4.0,2,0,0.00016808509826660156,0,0.036
599,21.4,33.4,0.0,4.0,0.0,1.0,2,0,0.000164031982421875,0,0.036
600,20.6,33.2,0.0,4.0,0.0,1.0,2,0,0.00016307830810546875,0,0.036
601,22.6,33.8,0.0,4.0,0.0,1.0,2,0,0.00016307830810546875,0,0.036
602,24.3,33.6,0.0,4.0,0.0,4.0,0,0,0.00017213821411132812,0,0.036
603,24.3,34.0,0.0,4.0,0.0,1.0,2,0,0.0001628398895263672,0,0.036
604,23.6,34.4,0.0,4.0,0.0,0.0,2,0,0.00015997886657714844,0,0.036
605,23.8,34.6,0.0,4.0,0.0,4.0,0,0,0.00016117095947265625,0,0.036
606,24.0,34.2,0.0,4.0,0.0,4.0,2,0,0.00015878677368164062,0,0.036
607,24.8,33.8,0.0,4.0,0.0,4.0,0,0,0.00015997886657714844,0,0.036
608,23.6,34.2,0.0,4.0,0.0,4.0,0,0,0.0001590251922607422,0,0.036
609,23.0,33.7,0.0,4.0,0.0,4.0,2,0,0.00015997886657714844,0,0.036
610,21.7,34.0,0.0,4.0,0.0,0.0,2,0,0.00015592575073242188,0,0.036
611,20.4,34.8,0.0,4.0,0.0,4.0,2,0,0.00015807151794433594,0,0.036
612,20.6,34.4,0.0,4.0,0.0,0.0,2,0,0.0001621246337890625,0,0.036
613,22.6,34.8,0.0,4.0,0.0,0.0,2,0,0.00015807151794433594,0,0.036
614,23.6,34.8,0.0,4.0,0.0,4.0,0,0,0.00015997886657714844,0,0.036
615,24.4,34.7,0.0,4.0,0.0,1.0,2,0,0.00015783309936523438,0,0.036
616,22.4,34.5,0.0,4.0,0.0,1.0,2,0,0.00016307830810546875,0,0.036
617,22.4,34.8,0.0,4.0,0.0,1.0,2,0,0.0001621246337890625,0,0.036
618,22.0,34.2,0.0,4.0,0.0,1.0,2,0,0.00015997886657714844,0,0.036
619,21.8,34.6,0.0,4.0,0.0,0.0,2,0,0.0001590251922607422,0,0.036
620,22.2,34.7,0.0,4.0,0.0,0.0,2,0,0.00015997886657714844,0,0.036
621,23.5,35.0,0.0,4.0,0.0,1.0,0,0,0.0001609325408935547,0,0.036
622,23.0,34.4,0.0,4.0,0.0,4.0,2,0,0.0001609325408935547,0,0.036
623,24.0,34.2,0.0,4.0,0.0,1.0,2,0,0.0001862049102783203,0,0.036
624,23.2,34.4,0.0,4.0,0.0,1.0,2,0,0.00016999244689941406,0,0.036
625,23.4,34.0,0.0,4.0,0.0,1.0,2,0,0.00016021728515625,0,0.036
626,22.8,35.2,0.0,4.0,0.0,4.0,2,0,0.00016117095947265625,0,0.036
627,23.4,34.4,0.0,4.0,0.0,4.0,2,0,0.00015878677368164062,0,0.036
628,23.4,33.8,0.0,4.0,0.0,4.0,0,0,0.00015997886657714844,0,0.036
629,25.4,35.8,0.0,4.0,0.0,4.0,0,0,0.0001690387725830078,0,0.036
630,25.3,33.4,0.0,4.0,0.0,1.0,0,0,0.0001609325408935547,0,0.036
631,23.8,37.2,1.0,1.0,1.0,1.0,0,0,0.00015997886657714844,0,0.036
632,23.4,37.1,0.0,4.0,0.0,4.0,0,0,0.00015878677368164062,0,0.036
633,23.8,36.6,0.0,4.0,0.0,4.0,0,0,0.00016117095947265625,0,0.036
634,25.6,35.2,0.0,4.0,0.0,4.0,0,0,0.00016927719116210938,0,0.036
635,24.4,34.6,0.0,4.0,0.0,4.0,2,0,0.00015997886657714844,0,0.036
636,22.3,35.4,0.0,4.0,0.0,6.0,0,0,0.0001609325408935547,0,0.036
637,22.4,35.6,0.0,4.0,0.0,4.0,0,0,0.00015997886657714844,0,0.036
638,22.6,33.4,0.0,4.0,0.0,4.0,2,0,0.0001609325408935547,0,0.036
639,24.0,35.4,0.0,4.0,0.0,4.0,0,0,0.0001621246337890625,0,0.036
640,25.0,36.7,0.0,4.0,0.0,4.0,0,0,0.00015997886657714844,0,0.036
641,23.6,36.2,0.0,4.0,0.0,0.0,0,0,0.00015997886657714844,0,0.036
642,24.0,35.8,0.0,4.0,0.0,1.0,0,0,0.00015997886657714844,0,0.036
643,24.2,36.4,0.0,4.0,0.0,1.0,0,0,0.0001609325408935547,0,0.036
644,23.1,36.4,0.0,4.0,0.0,0.0,0,0,0.0001609325408935547,0,0.036
645,24.2,35.6,0.0,4.0,0.0,4.0,0,0,0.0001621246337890625,0,0.036
646,24.8,37.0,0.0,4.0,0.0,0.0,0,0,0.00016188621520996094,0,0.036
647,23.4,37.4,0.0,4.0,0.0,0.0,0,0,0.00015997886657714844,0,0.036
648,24.0,35.8,0.0,4.0,0.0,0.0,0,0,0.0001609325408935547,0,0.036
649,24.2,36.2,0.0,4.0,0.0,1.0,0,0,0.00015997886657714844,0,0.036
650,22.4,35.6,0.0,4.0,0.0,4.0,0,0,0.0001590251922607422,0,0.036
651,23.8,35.6,0.0,4.0,0.0,0.0,0,0,0.00015687942504882812,0,0.036
652,23.0,35.8,0.0,4.0,0.0,0.0,0,0,0.00015687942504882812,0,0.036
653,24.0,36.4,0.0,4.0,0.0,1.0,0,0,0.000164031982421875,0,0.036
654,24.2,36.2,0.0,4.0,0.0,0.0,0,0,0.00015997886657714844,0,0.036
655,25.0,36.4,0.0,4.0,0.0,0.0,0,0,0.0001590251922607422,0,0.036
656,24.7,35.2,0.0,4.0,0.0,0.0,0,0,0.0001590251922607422,0,0.036
657,23.3,35.6,0.0,4.0,0.0,1.0,0,0,0.00015878677368164062,0,0.036
658,23.4,37.4,0.0,4.0,0.0,0.0,0,0,0.0001621246337890625,0,0.036
659,25.0,37.6,0.0,4.0,0.0,0.0,0,0,0.0001709461212158203,0,0.036
660,25.2,37.4,0.0,4.0,0.0,4.0,0,0,0.00015997886657714844,0,0.036
661,25.6,38.0,0.0,4.0,0.0,4.0,0,0,0.00015997886657714844,0,0.036
662,24.0,38.0,0.0,4.0,0.0,4.0,0,0,0.0001709461212158203,0,0.036
663,25.3,37.2,0.0,4.0,0.0,1.0,0,0,0.0001690387725830078,0,0.036
664,24.2,36.8,0.0,4.0,0.0,4.0,0,0,0.00016880035400390625,0,0.036
665,25.4,36.6,0.0,4.0,0.0,4.0,0,0,0.00017118453979492188,0,0.036
666,25.6,36.0,0.0,4.0,0.0,1.0,0,0,0.0001709461212158203,0,0.036
667,25.2,37.2,0.0,4.0,0.0,0.0,0,0,0.0001709461212158203,0,0.036
668,25.8,36.8,0.0,4.0,0.0,4.0,0,0,0.0001709461212158203,0,0.036
669,25.4,36.4,0.0,4.0,0.0,4.0,0,0,0.00016999244689941406,0,0.036
670,26.0,36.3,0.0,4.0,0.0,4.0,0,0,0.00016999244689941406,0,0.036
671,25.1,35.0,0.0,4.0,0.0,0.0,0,0,0.00016880035400390625,0,0.036
672,25.2,37.2,0.0,4.0,0.0,4.0,0,0,0.00018310546875,0,0.036
673,25.6,37.0,0.0,4.0,0.0,0.0,0,0,0.0001709461212158203,0,0.036
674,24.8,36.2,0.0,4.0,0.0,0.0,0,0,0.00017309188842773438,0,0.036
675,25.5,35.6,0.0,4.0,0.0,1.0,0,0,0.00015997886657714844,0,0.036
676,24.5,36.2,0.0,4.0,0.0,4.0,0,0,0.00015878677368164062,0,0.036
677,25.5,37.0,0.0,4.0,0.0,1.0,0,0,0.00016117095947265625,0,0.036
678,25.4,36.4,0.0,4.0,0.0,1.0,0,0,0.0001609325408935547,0,0.036
679,24.6,35.4,7.5,1.0,1.0,1.0,0,0,0.00015997886657714844,0,0.036
680,26.2,36.2,0.0,4.0,0.0,4.0,0,0,0.0001590251922607422,0,0.036
681,25.5,35.2,0.0,4.0,0.0,1.0,0,0,0.00016498565673828125,0,0.036
682,26.6,34.8,0.0,4.0,0.0,1.0,0,0,0.000164031982421875,0,0.036
683,26.5,34.6,0.0,4.0,0.0,6.0,0,0,0.00016307830810546875,0,0.036
684,25.4,34.2,2.0,1.0,1.0,1.0,0,0,0.0001583099365234375,0,0.036
685,25.4,35.6,0.0,4.0,0.0,0.0,0,0,0.00016307830810546875,0,0.036
686,25.1,35.8,0.0,4.0,0.0,4.0,0,0,0.0001609325408935547,0,0.036
687,25.4,35.2,0.0,4.0,0.0,1.0,0,0,0.0001850128173828125,0,0.036
688,26.0,35.6,0.0,4.0,0.0,1.0,0,0,0.0001628398895263672,0,0.036
689,25.2,33.8,10.6,1.0,1.0,4.0,0,0,0.00015997886657714844,0,0.036
690,25.0,32.8,6.7,1.0,1.0,1.0,0,0,0.0001590251922607422,0,0.036
691,23.2,31.6,52.7,0.0,3.0,1.0,2,0,0.00016188621520996094,0,0.036
692,25.0,33.6,0.0,4.0,0.0,1.0,2,0,0.00015807151794433594,0,0.036
693,23.3,33.8,7.6,1.0,1.0,1.0,2,0,0.00015997886657714844,0,0.036
694,24.4,34.5,0.6,1.0,1.0,1.0,0,0,0.00015997886657714844,0,0.036
695,23.4,33.6,1.6,1.0,1.0,1.0,2,0,0.00015997886657714844,0,0.036
696,23.8,32.2,0.0,4.0,0.0,1.0,2,0,0.00015878677368164062,0,0.036
697,23.0,35.6,29.0,3.0,2.0,7.0,0,0,0.00015997886657714844,0,0.036
698,25.0,36.4,0.0,4.0,0.0,4.0,0,0,0.0001628398895263672,0,0.036
699,25.8,37.6,0.0,4.0,0.0,4.0,0,0,0.0001621246337890625,0,0.036
700,25.6,36.4,0.0,4.0,0.0,1.0,0,0,0.0001590251922607422,0,0.036
701,24.6,34.0,20.5,3.0,2.0,1.0,0,0,0.00016188621520996094,0,0.036
702,25.1,35.8,0.0,4.0,0.0,1.0,0,0,0.00015687942504882812,0,0.036
703,24.0,35.2,0.0,4.0,0.0,1.0,0,0,0.0001628398895263672,0,0.036
704,24.8,34.4,0.0,4.0,0.0,1.0,0,0,0.00016880035400390625,0,0.036
705,23.4,35.6,1.2,1.0,1.0,5.0,0,0,0.00015807151794433594,0,0.036
706,23.2,35.4,8.3,1.0,1.0,4.0,0,0,0.00015783309936523438,0,0.036
707,24.2,34.6,0.0,4.0,0.0,4.0,0,0,0.00015926361083984375,0,0.036
708,24.0,32.0,2.1,1.0,1.0,1.0,2,0,0.0001590251922607422,0,0.036
709,24.8,30.4,0.0,4.0,0.0,1.0,2,0,0.00015926361083984375,0,0.036
710,23.8,34.0,4.5,1.0,1.0,1.0,2,0,0.00015807151794433594,0,0.036
711,23.8,32.0,3.5,1.0,1.0,1.0,2,0,0.00016164779663085938,0,0.036
712,23.9,34.6,0.0,4.0,0.0,1.0,0,0,0.00015807151794433594,0,0.036
713,24.2,33.0,0.0,4.0,0.0,3.0,0,0,0.000164031982421875,0,0.036
714,25.0,33.6,0.0,4.0,0.0,1.0,0,0,0.00016617774963378906,0,0.036
715,24.0,34.7,0.0,4.0,0.0,1.0,0,0,0.00015997886657714844,0,0.036
716,24.0,33.4,8.1,1.0,1.0,6.0,2,0,0.00015997886657714844,0,0.036
717,24.1,33.8,5.5,1.0,1.0,1.0,0,0,0.0001609325408935547,0,0.036
718,24.4,34.0,9.7,1.0,1.0,1.0,0,0,0.0001571178436279297,0,0.036
719,24.5,34.2,0.0,4.0,0.0,1.0,0,0,0.0001590251922607422,0,0.036
720,24.8,33.0,0.0,4.0,0.0,1.0,0,0,0.00015926361083984375,0,0.036
721,23.4,33.0,13.0,1.0,1.0,1.0,2,0,0.00015807151794433594,0,0.036
722,23.5,32.6,0.0,4.0,0.0,1.0,2,0,0.00016069412231445312,0,0.036
723,24.8,34.0,0.0,4.0,0.0,1.0,0,0,0.00018095970153808594,0,0.036
724,24.2,34.8,0.0,4.0,0.0,4.0,0,0,0.0001609325408935547,0,0.036
725,24.4,34.7,1.8,1.0,1.0,7.0,2,0,0.0001609325408935547,0,0.036
726,23.8,34.6,61.0,0.0,3.0,4.0,0,0,0.00015997886657714844,0,0.036
727,24.2,30.0,6.0,1.0,1.0,7.0,2,0,0.00017714500427246094,0,0.036
